Sound Link,Photo
www.tiktok.com/music/Love-You-So-6728562975734515713,https://p16-sg.tiktokcdn.com/aweme/200x200/tos-alisg-v-2774/6aa2532c996940c484c6513b9049d494.jpeg
www.tiktok.com/music/Cruel-Summer-7211414788142794754,https://p16-sg.tiktokcdn.com/aweme/200x200/tos-alisg-v-2774/443e43fd468f4d7a93eaf00493c1dcef.jpeg
www.tiktok.com/music/I-Can-See-You-Taylorâ€™s-Version-From-The-Vault-7252896191606999041,https://p16-sg.tiktokcdn.com/aweme/200x200/tos-alisg-v-2774/oQbkbFZCtpnpInODdpeVXEAVBeA9EgBQ6dAQtC.jpeg
www.tiktok.com/music/Dance-The-Night-From-Barbie-The-Album-7237201616738699266,https://p16-sg.tiktokcdn.com/aweme/200x200/tos-alisg-v-2774/40d17ce99798482f99ecdb5c11335065.jpeg
www.tiktok.com/music/What-Was-I-Made-For-From-The-Motion-Picture-Barbie-7255081252415375362,https://p16-sg.tiktokcdn.com/aweme/200x200/tos-alisg-v-2774/owbnYt1CBABDAzgaPen6QkQetQATGEZAg8ctLj.jpeg
www.tiktok.com/music/Paint-The-Town-Red-7263241548443568130,https://p16-sg.tiktokcdn.com/aweme/200x200/tos-alisg-v-2774/oYA0VKPenED6eMHeFZ8AgUzjGCbGJADEDCApam.jpeg
www.tiktok.com/music/Speed-Drive-From-Barbie-The-Album-7249776540907751425,https://p16-sg.tiktokcdn.com/aweme/200x200/tos-alisg-v-2774/oID4CBt1oTEAqYsCWKw4EJfhqUAvAycZzmAjAv.jpeg
www.tiktok.com/music/Suspenseful-and-tense-orchestra-1318015-7146319288964483074,https://p16-sg.tiktokcdn.com/aweme/200x200/tos-alisg-v-2774/848970941ddc4d6dbe8a95adf6f87e19.jpeg
www.tiktok.com/music/original-sound-7252163986643684139,""
www.tiktok.com/music/original-sound-grant-7262482204838628142,https://media.discordapp.net/attachments/1149995433620410469/1188152499778097192/174f5fdec5fcbda0f77601fb5b677f94c5_100x100.jpeg?ex=65997c3e&is=6587073e&hm=955fbe17ba0f6a70b8085839afbca945ad37a89ec30e362c50537771899a3935&=&format=webp&width=150&height=150
www.tiktok.com/music/london-boy-7217509981770894085,""
www.tiktok.com/music/original-sound-7265453940085590830,https://media.discordapp.net/attachments/1149995433620410469/1188152696268660776/cf8353f1f0bc9f2aaf16a62547931d5ac5_100x100.jpeg?ex=65997c6d&is=6587076d&hm=d96ad6b18eb5abac59c1e923221dd948a0723773c01596fe26be1767e3d860ad&=&format=webp&width=150&height=150
