Username,Photo
batmanbff,https://p16-sign-va.tiktokcdn.com/tos-maliva-avt-0068/136753368184e20c53bcbe65f160814f~c5_100x100.jpeg?lk3s=a5d48078&x-expires=1703790000&x-signature=gy7TNPqgn1n4DemwtYouQycxwzs%3D
batfamilyprotector,https://p16-sign-useast2a.tiktokcdn.com/tos-useast2a-avt-0068-euttp/bc0a7374a3541356025ec5f66504c002~c5_100x100.jpeg?lk3s=a5d48078&x-expires=1703790000&x-signature=MxmWY2TJkqgiEI8OERyFLsgVBrA%3D
lindsaybrookethomas,https://p16-sign-va.tiktokcdn.com/tos-maliva-avt-0068/592e64f5ec4fd453861cad0e9ded7ce7~c5_100x100.jpeg?lk3s=a5d48078&x-expires=1703790000&x-signature=n7%2Fc1LCBy3QyNhinV7O9jEuKLTY%3D
cthulhu_queef,https://p16-sign-va.tiktokcdn.com/tos-maliva-avt-0068/5d5c68adea1d03fa239a6a43789fccd6~c5_100x100.jpeg?lk3s=a5d48078&x-expires=1703790000&x-signature=akPlxQDvprGF%2BLxkhGto5QDqOws%3D
maya.and.hunter,https://p16-sign-va.tiktokcdn.com/tos-maliva-avt-0068/4d5ecc2e51db191e8377b1647c4840b3~c5_100x100.jpeg?lk3s=a5d48078&x-expires=1703790000&x-signature=qhDWmeUoa%2FyfN5zEKQM16y9yjew%3D
haleyybaylee,https://p16-sign-va.tiktokcdn.com/tos-maliva-avt-0068/6cc24f958028669d16982f59faac2af6~c5_100x100.jpeg?lk3s=a5d48078&x-expires=1703790000&x-signature=D08Ath5JAPwi752DWbCSkP%2FbSPU%3D
chris,https://p16-sign-va.tiktokcdn.com/tos-maliva-avt-0068/7310728766886510634~c5_100x100.jpeg?lk3s=a5d48078&x-expires=1703790000&x-signature=b67MFEXEet8ymp9XJsZE5ov2IiM%3D
barstoolsports,https://p16-sign-va.tiktokcdn.com/tos-maliva-avt-0068/7310278359605968902~c5_100x100.jpeg?lk3s=a5d48078&x-expires=1703790000&x-signature=4WNOFLZYqbC7jD4qQ2LsKG28nVI%3D
jessicagolich,https://p16-sign-va.tiktokcdn.com/tos-maliva-avt-0068/0a9bcc3bdb99cf368bc92231c1a74929~c5_100x100.jpeg?lk3s=a5d48078&x-expires=1703790000&x-signature=qrX8FtcA9AP5puu%2BfBUfTD6unrE%3D
vanderavis,https://p16-sign-va.tiktokcdn.com/tos-maliva-avt-0068/e9779609fabace4a7cabefc122fa917c~c5_100x100.jpeg?lk3s=a5d48078&x-expires=1703790000&x-signature=jerSs1vXrc3FT46kLdR%2BeI3Cw68%3D
emmaspacelynn,https://p16-sign-va.tiktokcdn.com/tos-maliva-avt-0068/743df73a8a1364c19a5f94e4746403c9~c5_100x100.jpeg?lk3s=a5d48078&x-expires=1703790000&x-signature=nidxN8oAEEh2eR7CS4g4wjo24W0%3D
ikeapt,https://p16-sign-sg.tiktokcdn.com/aweme/100x100/tos-alisg-avt-0068/8feee3c6ce9073070958e9386329d995.jpeg?lk3s=a5d48078&x-expires=1703790000&x-signature=T6kTSkhuQkBQRH6qmcwVo3qBnBg%3D
Mundo Galp: Energia,""
tacobellpt,https://p16-sign-useast2a.tiktokcdn.com/tos-useast2a-avt-0068-euttp/e16f77234b722bcc0ad18ea0718e2ef7~c5_100x100.jpeg?lk3s=a5d48078&x-expires=1703790000&x-signature=hZ2as6wfaePpk2jzk%2Bm19LK014U%3D
Donuts Portugal,""
Disney+,""


