Hashtag,Cluster,Count
phelpstwin,['phelpstwin'],1
oliverphelps,['oliverphelps'],1
jamesphelps,['jamesphelps'],1
expatsinthenetherlands,['expatsinthenetherlands'],1
tedlassoinamsterdam,"['tedlassoinamsterdam', 'tedlassobelieve', 'tedlassobbqsauce', 'tedlassobarbecuesauce', 'monopolytedlasso']",9
neversettle,['neversettle'],1
aqagcseenglish,['aqagcseenglish'],1
winningisnteverything,['winningisnteverything'],1
leadershipskills,['leadershipskills'],1
spacetofeel,['spacetofeel'],1
embracingchange,['embracingchange'],1
packluckfifa,['packluckfifa'],1
latinamericaswifties,"['latinamericaswifties', 'americanswifties']",3
angelfromthebloc,['angelfromthebloc'],1
spatsv,['spatsv'],1
moecolin,"['moecolin', 'colinmoe']",3
mosssmh,['mosssmh'],1
gambino,['gambino'],1
spice,"['spice', 'spicebag']",3
dahliamikaelsonedit,['dahliamikaelsonedit'],1
erastourlover,"['erastourlover', 'tserastourpittsburgh', 'erastouradvice', 'theerastournight1', 'theerastourmadrid', 'erastourhaul', 'wembleyerastour', 'duosversiontheerastour', 'erastourduolingo']",15
travelingeurope,['travelingeurope'],1
disneytoycollection,"['disneytoycollection', 'disney100collection', 'disneypridecollection']",4
disneytoyunboxing,['disneytoyunboxing'],1
disneysurprisecapsule,['disneysurprisecapsule'],1
disneyblindbag,['disneyblindbag'],1
disneycollectibles,['disneycollectibles'],1
disneyfigures,['disneyfigures'],1
hippack,['hippack'],1
traveladvice,['traveladvice'],1
cotopaxi,['cotopaxi'],1
volvotrucks,['volvotrucks'],1
xoxoxo_ae,['xoxoxo_ae'],1
colinkaepernick,"['colinkaepernick', 'colinkaepernick7', 'colinkaepernickshow']",5
colininblackandwhite,"['colininblackandwhite', 'colininblackandwhitenetflix']",3
reroot,['reroot'],1
popmartdisney,"['popmartdisney', 'popmartunboxwithme']",3
rapbattle,['rapbattle'],1
stripper,"['stripper', 'stripperindex']",3
londonfoodieblogger,"['londonfoodieblogger', 'orlandofoodie', 'londonblogger', 'londonfoodspots']",7
backroads,['backroads'],1
smalltownlife,['smalltownlife'],1
acreage,['acreage'],1
rurallife,"['rurallife', 'rural']",3
doorablesdisney,"['doorablesdisney', 'disneydoorablesunboxing', 'disneydoorablesmoviemoments']",5
exoticdancer,['exoticdancer'],1
financialcrisis,['financialcrisis'],1
pinunboxing,"['pinunboxing', 'unboxing_queen', 'macbookunboxing']",5
economicindicators,['economicindicators'],1
legodisney,['legodisney'],1
disneyeollection,['disneyeollection'],1
anniversarygiftideas,['anniversarygiftideas'],1
disneypin,['disneypin'],1
disneyclassic,['disneyclassic'],1
disneyfairies,['disneyfairies'],1
martini,['martini'],1
blindboxes,['blindboxes'],1
pompom,['pompom'],1
mysweetpiano,['mysweetpiano'],1
pochacco,"['pochacco', 'pocintech']",3
sanrioaesthetic,['sanrioaesthetic'],1
sanriofigures,['sanriofigures'],1
disneyworldfoodie,"['disneyworldfoodie', 'waltdisneyworldfood', 'orlandofoodie']",4
washyourhandsyoudettypig,['washyourhandsyoudettypig'],1
sickkids,['sickkids'],1
disneyjapan,"['disneyjapan', 'disneystorejapan']",2
officesetup,['officesetup'],1
aestgetic,['aestgetic'],1
officefinds,['officefinds'],1
officeessentials,['officeessentials'],1
officemakeover,['officemakeover'],1
ergonomics,['ergonomics'],1
amazonas,['amazonas'],1
amazonmusicjinglebell,['amazonmusicjinglebell'],1
cozyipadgames,"['cozyipadgames', 'cozynintendoswitchgames', 'cozyboardgames']",3
percyvsjason,['percyvsjason'],1
argo2crew,['argo2crew'],1
sanriocharacters,['sanriocharacters'],1
waynefamilyadventuresliveaction,['waynefamilyadventuresliveaction'],1
disneyjuniorsariel,['disneyjuniorsariel'],1
disneystorejapan,"['disneystorejapan', 'disneystorehaul', 'londondisneystore', 'disneystoreuk', 'disneystorelondon']",5
disneythailand,['disneythailand'],1
disneymickeymouse,['disneymickeymouse'],1
donaldanddaisy,"['donaldanddaisy', 'donald', 'daisyxdonald']",5
disneybambi,['disneybambi'],1
disneydumbo,['disneydumbo'],1
disneytinkerbell,['disneytinkerbell'],1
marie,"['marie', 'disneymarie', 'mariekondo']",5
disneypinocchio,['disneypinocchio'],1
disney101dalmations,['disney101dalmations'],1
disney100years,"['disney100years', 'disney100collection']",2
disneycollectible,['disneycollectible'],1
careerbreak,['careerbreak'],1
fortnitebattleroyale,['fortnitebattleroyale'],1
2015songs,['2015songs'],1
mrsaxobeat,['mrsaxobeat'],1
sundaymorning,"['sundaymorning', 'sundaymorningroutine']",2
medvet,['medvet'],1
vetschool,['vetschool'],1
miris,['miris'],1
mirroriris,['mirroriris'],1
jakewyler,['jakewyler'],1
nohardfeelings2023,['nohardfeelings2023'],1
sidermanmultiverse,['sidermanmultiverse'],1
asmrvlogs,['asmrvlogs'],1
asmrcouple,['asmrcouple'],1
asmrsundayroutine,"['asmrsundayroutine', 'sundaymorningroutine']",2
sundaymorningroutine,"['sundaymorningroutine', 'morningroutinevlog']",2
adayinthelifeofanarcissisticmother,"['adayinthelifeofanarcissisticmother', 'dayinthelifestudent', 'dayinthelifeofateacher', 'consultantdayinlife']",4
sundayvlog,"['sundayvlog', 'morningroutinevlog', 'vlogviagem', 'movedabroadvlog', 'techvlog', 'greecevlog', 'consultantvlog', 'birthvlog', 'laborvlog']",17
dailyvloging,['dailyvloging'],1
couplevideo,['couplevideo'],1
coupleroutine,['coupleroutine'],1
sundaycouple,['sundaycouple'],1
gamingconsole,['gamingconsole'],1
needneedneed,['needneedneed'],1
duos,"['duos', 'halloweenduos']",3
nonsenseoutrobirmingham,"['nonsenseoutrobirmingham', 'nonsenseoutrolondon']",2
narcissisticabuserecovery,['narcissisticabuserecovery'],1
badlandshalsey,['badlandshalsey'],1
johancruyffarena,['johancruyffarena'],1
bail,['bail'],1
blueivycarter,['blueivycarter'],1
ivyleage,['ivyleage'],1
rwt23,['rwt23'],1
beyhivexrwt2023,['beyhivexrwt2023'],1
renaissanceamsterdam,"['renaissanceamsterdam', 'renaissancetouramsterdam']",3
beyonceamsterdam,['beyonceamsterdam'],1
beyoncetour,['beyoncetour'],1
obelisco,['obelisco'],1
businesscheck,['businesscheck'],1
waseda,"['waseda', 'wasedauniversity']",3
tokyouniversity,['tokyouniversity'],1
studentinjapan,['studentinjapan'],1
tokyostudent,['tokyostudent'],1
dayinthelifestudent,"['dayinthelifestudent', 'unistudentlife', 'dayinmylifevolg', 'dayinthelifeofasoftwareengineer', 'dayinthelifenycmom', 'dayinthelifeofateacher', 'my5to9dayinthelife', 'consultantdayinlife']",14
shinjuku,['shinjuku'],1
unitednationsjobs,"['unitednationsjobs', 'unitednationshumor']",3
feloniousintent,['feloniousintent'],1
esportscenter,['esportscenter'],1
portablecharger,['portablecharger'],1
pinktech,['pinktech'],1
sleepproblems,['sleepproblems'],1
rockylynch,['rockylynch'],1
rydelfunk,['rydelfunk'],1
rosslynchedits,['rosslynchedits'],2
tde,"['tde', 'sa칰demental']",2
greektheater,['greektheater'],1
solveamurder,['solveamurder'],1
gameslideshow,['gameslideshow'],1
guineapig,['guineapig'],1
lvmenss24,['lvmenss24'],1
charminpartner,['charminpartner'],1
wanegbttaylorsversion,['wanegbttaylorsversion'],1
midoriyaizukuedit,"['midoriyaizukuedit', 'midoriyaizuku']",3
season6mha,"['season6mha', 'blackmirrorseason6']",3
sleepschedule,['sleepschedule'],1
sashacallesupergirl,"['sashacallesupergirl', 'sashacalleedit']",3
lastdekvv,['lastdekvv'],1
aespixero,['aespixero'],1
fakeknife丘멆잺,['fakeknife丘멆잺'],1
theyalmosttastelikeapotato,['theyalmosttastelikeapotato'],1
discordkitten,['discordkitten'],1
itslinotime,['itslinotime'],1
estalandoosdedos,['estalandoosdedos'],1
ukbb,['ukbb'],1
lfw,"['lfw', 'mfw']",3
runwaymakeup,['runwaymakeup'],1
runwayhair,['runwayhair'],1
classof07,['classof07'],1
littlermermaid2023,['littlermermaid2023'],1
worldrefugeeday,['worldrefugeeday'],1
loscuatrofantasticos,['loscuatrofantasticos'],1
supplements,['supplements'],1
colleaguesbelike,['colleaguesbelike'],1
outdoorlife,['outdoorlife'],1
hikersof,['hikersof'],1
hike,['hike'],1
flannelshirt,['flannelshirt'],1
aestheticpackwithme,['aestheticpackwithme'],1
rimowa,['rimowa'],1
amwaybusinessowner,['amwaybusinessowner'],1
amwaymy,['amwaymy'],1
freedom,['freedom'],1
reward,['reward'],1
carryonpackingtips,"['carryonpackingtips', 'packingtipsfortravel', 'packingcarryonbag']",4
victoriasecret,['victoriasecret'],1
wealthmanagement,['wealthmanagement'],1
workwearforwomen,"['workwearforwomen', 'workwearinspo', 'whatiweartowork', 'weartoworkstyle']",6
babydaddydrama,['babydaddydrama'],1
sellingsunset,['sellingsunset'],1
stepdaughter,['stepdaughter'],1
adhdadult,['adhdadult'],1
luggagepacking,['luggagepacking'],2
businesstraveltips,"['businesstraveltips', 'packingtipsfortravel']",2
ceostyle,['ceostyle'],1
internationaltravel,['internationaltravel'],1
femalecfo,['femalecfo'],1
buisnesstripoutfits,"['buisnesstripoutfits', 'worktripoutfits']",3
packingtipsfortravel,"['packingtipsfortravel', 'travelpacking']",3
businesstrips,['businesstrips'],1
travelforwork,['travelforwork'],1
packingforworktrip,"['packingforworktrip', 'worktripoutfits']",2
ultabeautyhaul,"['ultabeautyhaul', 'beautyhaul']",3
big4,"['big4', 'big4consultant']",3
yopro,['yopro'],1
businesstraveler,['businesstraveler'],1
businesscasualoutfits,['businesscasualoutfits'],1
boutiqueowner,['boutiqueowner'],1
dressedbyalliah,['dressedbyalliah'],1
traveltonewyork,"['traveltonewyork', 'newyorklife', 'newyorkmom', 'newyorkkids']",7
travelwithlexie,['travelwithlexie'],1
corporateoutfit,['corporateoutfit'],1
mattlong,['mattlong'],1
manifestnetflix,['manifestnetflix'],1
goosethekitten,['goosethekitten'],1
sillybillyfam,['sillybillyfam'],1
loverfromthevault,"['loverfromthevault', 'taylorswiftloverfromthevaultcd', 'taylorswiftloverfromthevault']",4
deballage,['deballage'],1
fandedisney,['fandedisney'],1
facetune,['facetune'],1
gameinformer,['gameinformer'],1
humannameforpet,['humannameforpet'],1
modokergarmentbag,"['modokergarmentbag', 'garmentduffelbag']",3
ukbanter,['ukbanter'],1
universityofkent,['universityofkent'],1
cheetoisitneato,['cheetoisitneato'],1
ukc,['ukc'],1
utrecht,['utrecht'],1
uu,['uu'],1
yaleuniversity,['yaleuniversity'],1
studentlaptop,['studentlaptop'],1
collegefreshman,['collegefreshman'],1
universityadvice,['universityadvice'],1
thespetacularspiderman,['thespetacularspiderman'],1
movedabroad,"['movedabroad', 'movedabroadsolo', 'movedabroadallalone', 'movedabroadvlog']",7
taylorswiftloverfromthevault,"['taylorswiftloverfromthevault', 'taylorswiftvegas', 'taylorswiftmadrid', 'taylorswiftchants', 'taylorswiftpittsburgh', 'taylorswiftcult']",9
sixbestiestheory,['sixbestiestheory'],1
ogbestie,['ogbestie'],1
cheetothecat,['cheetothecat'],1
nothingbutbangers,['nothingbutbangers'],1
nothingbeatstheclassics,['nothingbeatstheclassics'],1
aheadofitstime,['aheadofitstime'],1
motherissues,['motherissues'],1
crochetcathat,['crochetcathat'],1
crochetcatbeanie,"['crochetcatbeanie', 'crochetmaydaybeanie']",2
crochetstrawberryhat,"['crochetstrawberryhat', 'crochetbuckethat']",3
belajarrajut,['belajarrajut'],1
serunyabelajar,['serunyabelajar'],1
recsbynina,['recsbynina'],1
audiobookblogger,['audiobookblogger'],1
ninasstorys,['ninasstorys'],1
popularbookrecs,['popularbookrecs'],1
mathematicstour,['mathematicstour'],1
ceooutfits,['ceooutfits'],1
weartoworkstyle,"['weartoworkstyle', 'wearherstyle']",3
emmawolfsedit,['emmawolfsedit'],1
frasesmotivadoras,['frasesmotivadoras'],1
marvelmysticwar,"['marvelmysticwar', 'marvelmystjcwar']",3
thunderbird,['thunderbird'],1
cemma,['cemma'],1
lottedeclerkisdebeste,['lottedeclerkisdebeste'],1
crochetduck,['crochetduck'],1
scottlikeme,['scottlikeme'],1
varo,['varo'],1
castvanlikeme,['castvanlikeme'],1
scottsummersandemmafrost,"['scottsummersandemmafrost', 'cyclopsandemmafrost']",3
hellfiretradingcompany,['hellfiretradingcompany'],1
scottspillow,['scottspillow'],1
0001,['0001'],1
emmafrostsolosyourfav,['emmafrostsolosyourfav'],1
hotflamingdischarge,['hotflamingdischarge'],1
crochetfroggy,"['crochetfroggy', 'froggy']",3
conferenceoutfit,['conferenceoutfit'],1
customizable,['customizable'],1
wrd,['wrd'],1
manila,['manila'],1
canadianbudget,['canadianbudget'],1
shayhq,['shayhq'],1
entrechicas,['entrechicas'],1
fimo,['fimo'],1
dourado,['dourado'],1
chochet,['chochet'],1
prateado,['prateado'],1
picnic,"['picnic', 'bookishpicnic', 'summerpicnic']",6
beautifulday,['beautifulday'],1
fruits,['fruits'],1
bosslevel,['bosslevel'],1
homecinema,['homecinema'],1
hometheatre,['hometheatre'],1
pipokinha,['pipokinha'],1
funknocapcut,['funknocapcut'],1
autoamor,['autoamor'],1
espiritualidad,['espiritualidad'],1
yesdudebrosidoactuallyreadcomics,['yesdudebrosidoactuallyreadcomics'],1
suitcaseorganizer,['suitcaseorganizer'],1
findingdory,['findingdory'],1
catcarriers,['catcarriers'],1
bobthedragqueen,['bobthedragqueen'],1
monetxchange,['monetxchange'],1
dropouttv,['dropouttv'],1
jujube,['jujube'],1
packsuitcase,['packsuitcase'],1
koffer,['koffer'],1
packen,['packen'],1
reise,['reise'],1
organizers,['organizers'],1
xmencyclops,"['xmencyclops', 'wolverineeosxmen', 'xmen60']",5
luggagebaby,"['luggagebaby', 'babyluggage']",3
luggageorganizer,['luggageorganizer'],1
organizingtips,['organizingtips'],1
organizedsuitcase,['organizedsuitcase'],1
jessicahaizman,['jessicahaizman'],1
babymoon,['babymoon'],1
strategicstyle,['strategicstyle'],1
businessoutfitideas,"['businessoutfitideas', 'vacationoutfitideas']",2
batmannewrobin,"['batmannewrobin', 'batmanreplacingrobin']",3
verifiedfantaylorswift,"['verifiedfantaylorswift', 'taylorswiftvegas', 'taylorswiftmadrid', 'taylorswiftchants', 'taylorswiftpittsburgh', 'taylorswiftcult']",6
nonsenseoutrolondon,"['nonsenseoutrolondon', 'nonsenselondon']",3
whitequeenedit,['whitequeenedit'],1
cyclopsandjeangrey,['cyclopsandjeangrey'],1
flauntitchallenge,['flauntitchallenge'],1
howibathandbodyworks,['howibathandbodyworks'],1
walkingchallenge,['walkingchallenge'],1
panicattacks,['panicattacks'],1
smoothtransition,['smoothtransition'],1
carlisle,"['carlisle', 'teamcarlisle']",3
cozynintendoswitchgames,"['cozynintendoswitchgames', 'cozyboardgames', 'nintendoswitchaesthetic']",5
lacma,['lacma'],1
thegrove,"['thegrove', 'cozygrove']",3
ktownla,['ktownla'],1
wildkratts,['wildkratts'],2
elmosfx40k,['elmosfx40k'],1
sabrinacarpentertour,['sabrinacarpentertour'],1
yaxruzz,['yaxruzz'],1
puzzleplatformer,['puzzleplatformer'],1
cosysetup,['cosysetup'],1
computing,['computing'],1
webdevelopment,['webdevelopment'],1
scrum,['scrum'],1
disneyteacher,['disneyteacher'],1
pjoshow,['pjoshow'],1
herosofolympus,['herosofolympus'],1
bookshopbesties,['bookshopbesties'],1
bossbabeenergy,['bossbabeenergy'],1
cosydesk,['cosydesk'],1
codingdesk,['codingdesk'],1
softwaredeveleloper,['softwaredeveleloper'],1
homeaesthetics,['homeaesthetics'],1
cozysetups,['cozysetups'],1
ipadpro,['ipadpro'],1
iosdeveloper,['iosdeveloper'],1
machinelearningengineer,['machinelearningengineer'],1
momospov,['momospov'],1
radiatorspringsracers,['radiatorspringsracers'],1
programmingtutorials,['programmingtutorials'],1
svelte,['svelte'],1
womaninstem,['womaninstem'],1
femaleempowerment,['femaleempowerment'],1
lalityeah,['lalityeah'],1
softwaretester,['softwaretester'],1
uwcs,['uwcs'],1
simscheats,['simscheats'],1
workdayinmylife,['workdayinmylife'],1
peopleintech,['peopleintech'],1
codingbugs,['codingbugs'],1
diaryofaceo,['diaryofaceo'],1
reshmasaujani,['reshmasaujani'],1
angular,['angular'],1
womeninenginerring,['womeninenginerring'],1
stackoverflow,['stackoverflow'],1
devcrew,['devcrew'],1
codingprojects,['codingprojects'],1
codingportfolio,['codingportfolio'],1
defense,['defense'],1
techunicorn,['techunicorn'],1
incredicoaster,['incredicoaster'],1
onridephoto,['onridephoto'],1
robertodowneyjr,['robertodowneyjr'],1
coracaopartido,['coracaopartido'],1
emocionante,['emocionante'],1
delenabetrayl,"['delenabetrayl', 'betrayl']",3
salavtore,['salavtore'],1
goodbyehug,['goodbyehug'],1
stelenahugs,"['stelenahugs', 'sweetstelena', 'stelenaforlife']",5
theebaddest07,['theebaddest07'],1
weightlifting,['weightlifting'],1
gymrat,['gymrat'],1
gymgirlforever,['gymgirlforever'],1
gymlife,['gymlife'],1
rdjdancing,['rdjdancing'],1
gymtransformation,['gymtransformation'],1
gymlover,['gymlover'],1
70lbsdown,['70lbsdown'],1
obx4,['obx4'],1
pogues4life,['pogues4life'],1
dobsleyreunion,['dobsleyreunion'],1
slvtrmklsnwhor,['slvtrmklsnwhor'],1
tvdactors,['tvdactors'],1
dobrev,"['dobrev', 'paulwesleyandninadobrev']",2
sofrimento,['sofrimento'],1
tristeza,['tristeza'],1
kaiphq,['kaiphq'],1
rhov,['rhov'],1
bc,['bc'],1
britishcolumbia,['britishcolumbia'],1
pacificnorthwest,['pacificnorthwest'],1
divorcehumor,['divorcehumor'],1
income,"['income', 'incometransparency']",3
transparent,['transparent'],1
housewife,"['housewife', 'housewifelife']",3
shakeyourscreen,"['shakeyourscreen', 'screen']",3
heidibears,['heidibears'],1
africanflowercrochet,"['africanflowercrochet', 'crochetflowerbouquet']",3
grannysquares,['grannysquares'],1
crochetgrannysquare,"['crochetgrannysquare', 'grannysquaretutorial', 'grannysquare']",5
crochettriceratops,['crochettriceratops'],1
timestamps,['timestamps'],1
supernaturalisafeverdream,['supernaturalisafeverdream'],1
chuckshirley,['chuckshirley'],1
garthfitzgerald,['garthfitzgerald'],1
mojang,['mojang'],1
traceroncats,['traceroncats'],1
lifesimgames,"['lifesimgames', 'farmingsimgames']",3
ellefanningedits,['ellefanningedits'],1
goldenbirthdayyear,['goldenbirthdayyear'],1
birthdaymilestone,['birthdaymilestone'],1
diversebooks,['diversebooks'],1
yafantasyrecs,['yafantasyrecs'],1
thedarkening,['thedarkening'],1
pittsburgheras,"['pittsburgheras', 'tserastourpittsburgh', 'erastourpittsburghn1']",3
loonaticsunleashed,['loonaticsunleashed'],1
blanketfort,['blanketfort'],1
funniestcat,['funniestcat'],1
solotravelparis,['solotravelparis'],1
crochetideas2023,"['crochetideas2023', 'cutecrochetideas']",3
croche,['croche'],2
worldtours,['worldtours'],1
realhorror,['realhorror'],1
intruder,['intruder'],1
barbiebooks,['barbiebooks'],1
tokyoeverafterbook,['tokyoeverafterbook'],1
belladonna,['belladonna'],1
truckergirlfriend,['truckergirlfriend'],1
womensafety,['womensafety'],1
europevacations,['europevacations'],1
europetip,['europetip'],1
thecwtvd,['thecwtvd'],1
lionmovie,['lionmovie'],1
mmmfacts,['mmmfacts'],1
ameliaearhart,['ameliaearhart'],1
dylan,['dylan'],1
odysseus,['odysseus'],1
odyssey,['odyssey'],1
sahb,['sahb'],1
amancalledottomovie,['amancalledottomovie'],1
poopstory,['poopstory'],1
heartofstone,['heartofstone'],1
montessorimom,['montessorimom'],2
montessoriinspired,['montessoriinspired'],1
thefakebirkinslayer,['thefakebirkinslayer'],2
birkintrashenterprises,['birkintrashenterprises'],1
nicholasflannery,['nicholasflannery'],1
mentaldisorder,['mentaldisorder'],1
montessoriathome,['montessoriathome'],1
montessoribedroom,['montessoribedroom'],1
vanitysuite,['vanitysuite'],1
linedancer,['linedancer'],1
lifeoftheparty,['lifeoftheparty'],1
crochetmessengerbag,['crochetmessengerbag'],1
tserastourpittsburgh,"['tserastourpittsburgh', 'houstontstheerastournight1', 'erastouradvice', 'theerastourmadrid', 'erastourhaul', 'wembleyerastour', 'erastourpittsburghn1']",7
catbirthday,"['catbirthday', 'catbirthdayparty']",3
birthcontrol,['birthcontrol'],1
parentingfun,['parentingfun'],1
vanitysuitesg,['vanitysuitesg'],1
telenova,['telenova'],1
trioposes,['trioposes'],1
triobestfriends,['triobestfriends'],1
pose,['pose'],1
poseideasforgirls,['poseideasforgirls'],1
posingtips,['posingtips'],1
posingwithfriends,['posingwithfriends'],1
bffphotoshoots,['bffphotoshoots'],1
studentaccommodation,['studentaccommodation'],1
firealarm,['firealarm'],1
watercoloureyes,['watercoloureyes'],1
liveactionpowerpuff,['liveactionpowerpuff'],1
shiverslinedance,['shiverslinedance'],1
bootstompinatx,['bootstompinatx'],1
loganreese,['loganreese'],1
husbandthings,['husbandthings'],1
indiebook,['indiebook'],1
darkfantasybook,['darkfantasybook'],1
avinastgraves,['avinastgraves'],1
zs,"['zs', 'zquad']",3
deathsobsession,['deathsobsession'],1
mangodragonfruit,['mangodragonfruit'],1
refresher,['refresher'],1
starbucksrecipe,['starbucksrecipe'],1
portugueseedition,['portugueseedition'],1
higherselfwisdom,['higherselfwisdom'],1
spiritualcommunity,['spiritualcommunity'],1
readerthings,['readerthings'],1
canadiangp2023,['canadiangp2023'],1
motorsportcontentcreator,['motorsportcontentcreator'],1
downthetubes,['downthetubes'],2
paulwesleyandninadobrev,"['paulwesleyandninadobrev', 'ninaandpaul']",3
g1lbrets,['g1lbrets'],1
disneyinsta,"['disneyinsta', 'instadisney', 'insta']",4
dococ,['dococ'],1
peterpalmer,['peterpalmer'],1
ninawest,['ninawest'],1
gingerminj,['gingerminj'],1
returntothesea,['returntothesea'],1
yumii80,['yumii80'],1
disneyig,['disneyig'],1
soccergirlfriend,['soccergirlfriend'],1
partedoseumundo,['partedoseumundo'],1
bakenvader,['bakenvader'],1
jaw,['jaw'],1
chad,['chad'],1
lovsariell,['lovsariell'],1
sardinia,"['sardinia', 'northsardinia']",3
disneyfilm,['disneyfilm'],1
calamoresca,['calamoresca'],1
renamajore,['renamajore'],1
santateresagallura,['santateresagallura'],1
iamgeorgina,['iamgeorgina'],1
soccerwag,['soccerwag'],1
nikolinadobreva,['nikolinadobreva'],1
avengersaasemble,['avengersaasemble'],1
avangersassamble,"['avangersassamble', 'avangersassemble']",3
capiron,"['capiron', 'ironcap']",3
stonymarvels,['stonymarvels'],1
kesfeteyizz,['kesfeteyizz'],1
kesfetbeni칬ne칞캼kart,['kesfetbeni칬ne칞캼kart'],1
marveluniversevsavengers,['marveluniversevsavengers'],1
ironhusbands,['ironhusbands'],1
hawordstark,['hawordstark'],1
georginanetflix,['georginanetflix'],1
peterevans,['peterevans'],1
insta,"['insta', 'toddlersofinsta', 'babiesofinsta']",4
cowmilla,['cowmilla'],1
friendsideas,['friendsideas'],1
georginarodriguez,['georginarodriguez'],1
ronaldoandgeorgina,['ronaldoandgeorgina'],1
cristianogeorgina,['cristianogeorgina'],1
italygram,['italygram'],1
sovereigntravel,['sovereigntravel'],1
fashionschool,['fashionschool'],1
wishlistwednesday,['wishlistwednesday'],1
barbieandraquelle,['barbieandraquelle'],1
gamermom,['gamermom'],2
momswhogame,['momswhogame'],2
bestvideogames,['bestvideogames'],1
nintendogirl,['nintendogirl'],1
gamingreviews,['gamingreviews'],1
gamingrecommendations,['gamingrecommendations'],1
woven,['woven'],1
frankurt,['frankurt'],1
cattailsgame,['cattailsgame'],1
timeonfrogisland,['timeonfrogisland'],1
monsterharvest,['monsterharvest'],1
gamingismyhappyplace,['gamingismyhappyplace'],1
gamingisawesome,['gamingisawesome'],1
nintendostreamer,['nintendostreamer'],1
streamingontwitch,['streamingontwitch'],1
momswhoswear,['momswhoswear'],1
drsasha,['drsasha'],1
minihighland,['minihighland'],1
ladyspinedoc,['ladyspinedoc'],1
neurosurgeon,['neurosurgeon'],1
neurosurgery,['neurosurgery'],1
tribeca,"['tribeca', 'tribecaapartment']",3
nycliving,['nycliving'],1
serenaandlily,['serenaandlily'],1
whitechicksedit,['whitechicksedit'],1
zoom_edits1000comp,['zoom_edits1000comp'],1
mfgrogoom,['mfgrogoom'],1
wbmontreal,['wbmontreal'],1
suesylvesterforpresident,['suesylvesterforpresident'],1
tinybookshop,['tinybookshop'],1
stickybusiness,['stickybusiness'],1
smushicomehome,['smushicomehome'],1
minicow,['minicow'],1
asmaslander,['asmaslander'],1
mundomarvel,['mundomarvel'],1
fansmarvel,['fansmarvel'],1
wedorecover,['wedorecover'],1
houstontstheerastournight1,"['houstontstheerastournight1', 'theerastournight1', 'erastourpittsburghn1', 'erastourgillettenight1']",4
doyle,['doyle'],1
daddoesmymakeup,['daddoesmymakeup'],1
botanicalgarden,['botanicalgarden'],1
shavedhead,['shavedhead'],1
mirandacosgroveinterview,['mirandacosgroveinterview'],1
antidepressants,['antidepressants'],1
moodstabilizers,['moodstabilizers'],1
calmcoolcollected,['calmcoolcollected'],1
fastandfurious10,['fastandfurious10'],1
childhoodabuseawareness,['childhoodabuseawareness'],1
greenflagsinrelationships,"['greenflagsinrelationships', 'greenflagsinmen', 'greenflagsinwomen']",5
bandn,['bandn'],1
hannibalfunny,['hannibalfunny'],1
lifeatfling,"['lifeatfling', 'fling']",3
flingers,['flingers'],1
techstartuplife,"['techstartuplife', 'techstartup', 'lashtechlife']",5
canadiangrandprix,['canadiangrandprix'],1
marvelstedit,['marvelstedit'],1
accupunture,['accupunture'],1
juniordoctorstrikes,['juniordoctorstrikes'],1
bossmoves,['bossmoves'],1
filmset,['filmset'],1
gratitudepractice,['gratitudepractice'],1
meditationjourney,['meditationjourney'],1
hugimals,['hugimals'],1
gamergirly,['gamergirly'],1
geekshare,['geekshare'],1
animalctossingnewhorizons,['animalctossingnewhorizons'],1
spiritfarer,['spiritfarer'],1
wyldstorybro,['wyldstorybro'],1
potionpermit,['potionpermit'],1
gardenstory,['gardenstory'],1
hokkolife,['hokkolife'],1
ooblets,['ooblets'],1
gameloftgames,['gameloftgames'],1
kindergartenclassroom,['kindergartenclassroom'],1
shrewsbury,"['shrewsbury', 'shrewsburyprison']",3
migueloharameme,['migueloharameme'],1
clintbartonedit,['clintbartonedit'],1
syeverogers,['syeverogers'],1
marvelxsga,['marvelxsga'],1
sga_mcu,['sga_mcu'],1
leavemealone,['leavemealone'],1
allthestarksaredead,['allthestarksaredead'],1
gorrsdaughter,['gorrsdaughter'],1
skarr,['skarr'],1
steveandnat,['steveandnat'],1
tonystarkpov,"['tonystarkpov', 'transtonystark']",3
chrisevanspov,['chrisevanspov'],1
avengersendgameanniversary,['avengersendgameanniversary'],1
clienthorrorstory,['clienthorrorstory'],1
endgameportals,"['endgameportals', 'portals']",2
portalscene,['portalscene'],1
nlackwidow,['nlackwidow'],1
thorodison,['thorodison'],1
transsteverogers,['transsteverogers'],1
singfortheyear,['singfortheyear'],1
anthonyedwardstarkedit,"['anthonyedwardstarkedit', 'morganstarkedit']",3
jancolin,['jancolin'],1
marvelnerd,['marvelnerd'],1
marvelfandom,['marvelfandom'],1
marvelvillains,['marvelvillains'],1
first10years,['first10years'],1
mascara,"['mascara', 'mascarahacks']",3
hairstraightener,['hairstraightener'],1
almondmom,"['almondmom', 'almondmomcheck']",3
almondmoms,['almondmoms'],1
pjomemes,['pjomemes'],1
rachelelizabethdare,['rachelelizabethdare'],1
cannonevents,['cannonevents'],1
cannoneventnevent,['cannoneventnevent'],1
movedtoportugal,['movedtoportugal'],1
aehuraedits,['aehuraedits'],1
reccomendedreads,['reccomendedreads'],1
thingsiate,['thingsiate'],1
asgard,['asgard'],1
sinister,['sinister'],1
dumbwaystodye,['dumbwaystodye'],1
visuallyimpaired,['visuallyimpaired'],1
seeingeyedog,['seeingeyedog'],1
myeyesmarli,['myeyesmarli'],1
kamalanandiwadal,['kamalanandiwadal'],1
stitchobsessed,['stitchobsessed'],1
5things,['5things'],1
stitchlover,['stitchlover'],1
letspackanorder,['letspackanorder'],1
flipphone,['flipphone'],1
flipphones,['flipphones'],1
bringbackflipphones,['bringbackflipphones'],1
tremp,['tremp'],1
couplegrwm,['couplegrwm'],1
maskedball,"['maskedball', 'themaskedit']",3
fantasyball,['fantasyball'],1
fairytaleaesthetic,['fairytaleaesthetic'],1
aoa,['aoa'],1
thelandbeforetime,['thelandbeforetime'],1
theflashcgi,['theflashcgi'],1
wembleypark,['wembleypark'],1
adotemn칚ocompre,['adotemn칚ocompre'],1
ticketwar,['ticketwar'],1
kandikid,['kandikid'],1
kandibracelet,['kandibracelet'],1
plur,['plur'],1
stanleedocumentary,['stanleedocumentary'],1
marvelhistory,['marvelhistory'],1
jackkirbytribute,['jackkirbytribute'],1
winxmovie,['winxmovie'],1
babyreaction,['babyreaction'],1
loveontour2022,"['loveontour2022', 'loveontourlondon']",3
pedropascalbiting,['pedropascalbiting'],1
intoxnoir,['intoxnoir'],1
creatorclash,['creatorclash'],1
bestbigbrother,['bestbigbrother'],1
cutetoddlersofinstagram,"['cutetoddlersofinstagram', 'toddlersofinsta', 'instagramhusband']",5
parentsofig,['parentsofig'],1
cutetoddlermoments,['cutetoddlermoments'],1
pikmin4,['pikmin4'],1
watioware,['watioware'],1
supermariowonder,"['supermariowonder', 'supermariorpgremake']",3
yorkshireterrier,['yorkshireterrier'],1
qclouted,['qclouted'],1
francis_edit,['francis_edit'],1
titanstv,['titanstv'],1
smellsliketeenspirit,['smellsliketeenspirit'],1
zattana,['zattana'],1
bestphonesforever,['bestphonesforever'],1
googlepixel,['googlepixel'],1
pixel7,['pixel7'],1
cemetery,['cemetery'],1
xboxgame,['xboxgame'],1
dordognegame,['dordognegame'],1
fpceuc,['fpceuc'],1
crochetnet,['crochetnet'],1
framar,['framar'],1
mobdays,['mobdays'],1
teentitansgotothemovies,['teentitansgotothemovies'],1
ttgo,['ttgo'],1
warriornunedit,['warriornunedit'],1
artbook,['artbook'],1
simsscenarios,['simsscenarios'],1
devolverdigital,['devolverdigital'],1
massivemonster,['massivemonster'],1
wwhl,['wwhl'],1
watchwhathappenslive,['watchwhathappenslive'],1
kourtneyandtravis,['kourtneyandtravis'],1
kourtneykardashianpregnant,['kourtneykardashianpregnant'],1
evangelical,['evangelical'],1
televangelist,['televangelist'],1
christianinfluencer,['christianinfluencer'],1
ableistslur,['ableistslur'],1
ableistlanguage,['ableistlanguage'],1
ableistassnonsense,['ableistassnonsense'],1
ableists,['ableists'],1
ableistslursarenotokay,['ableistslursarenotokay'],1
ableistterms,['ableistterms'],1
submersive,['submersive'],1
avasilva,['avasilva'],1
theflashcontroversy,['theflashcontroversy'],1
ezramillerflash,['ezramillerflash'],1
appleproducts,['appleproducts'],1
amazontravelfavorites,['amazontravelfavorites'],1
epic2013movie,"['epic2013movie', 'epic2013edit']",3
ronin,['ronin'],1
queentara,['queentara'],1
buyersguide,['buyersguide'],1
themistakeellekennedy,"['themistakeellekennedy', 'ellekennedy']",3
blackbag,['blackbag'],1
riseofaqueen,"['riseofaqueen', 'riseabove']",3
rinakent,['rinakent'],1
nars,['nars'],1
narsissist,['narsissist'],1
vincemattis,['vincemattis'],1
aepstrvnge,['aepstrvnge'],1
canes,['canes'],1
sanaaeats,['sanaaeats'],1
undaignosed,['undaignosed'],1
airportbag,['airportbag'],1
gurashi,['gurashi'],1
disneystorehaul,"['disneystorehaul', 'londondisneystore', 'disneyshoppinghaul', 'disneystoreuk', 'disneystorelondon']",6
disneypridecollection,"['disneypridecollection', 'disneypridenite']",3
newindisney,"['newindisney', 'disneynewin']",3
foldinghacks,['foldinghacks'],2
foldingtips,['foldingtips'],1
howtofold,['howtofold'],1
whitewolfbucky,['whitewolfbucky'],1
lotusvfxx,['lotusvfxx'],1
japanesecandy,['japanesecandy'],1
sumikko,['sumikko'],1
gummies,['gummies'],1
lovingtanofficial,"['lovingtanofficial', 'lovingtan']",3
goodies,['goodies'],1
smatisv,['smatisv'],1
poppyandpeonies,['poppyandpeonies'],1
montenegro,['montenegro'],1
balkan,['balkan'],1
womeninconstruction,['womeninconstruction'],1
purplegirl,['purplegirl'],1
coutinho,['coutinho'],1
boydholbrooksimp,['boydholbrooksimp'],1
aaaaahhh,['aaaaahhh'],1
elcorintio,['elcorintio'],1
oneiros,['oneiros'],1
sandmanneilgaiman,['sandmanneilgaiman'],1
tomsturridgeedit,['tomsturridgeedit'],1
savemefromflopping,['savemefromflopping'],1
sccp,['sccp'],1
politica,['politica'],1
renewsandman,['renewsandman'],1
vaicorinthians,['vaicorinthians'],1
horsens,['horsens'],1
torcida,['torcida'],1
r칩gerguedes,['r칩gerguedes'],1
dilfsim,['dilfsim'],1
gamesetup,['gamesetup'],1
emailsicantsendmanchester,"['emailsicantsendmanchester', 'emailsicantsendtourglasgow']",3
quakeedit,['quakeedit'],1
boydholbrookedits,['boydholbrookedits'],1
corinthiansandmanedit,"['corinthiansandmanedit', 'ericformanedit']",2
compressioncubes,['compressioncubes'],1
gosaints,['gosaints'],1
saintmartinsuniversity,['saintmartinsuniversity'],1
mamamilastips,['mamamilastips'],1
youforgiveyouforgetbutyouneverletitgo,['youforgiveyouforgetbutyouneverletitgo'],1
ybwmdoubleclap,['ybwmdoubleclap'],1
aestheticgamingsetup,"['aestheticgamingsetup', 'aestheticdesksetup']",2
submariner,['submariner'],1
marvelconics,['marvelconics'],1
adrianalphona,['adrianalphona'],1
nintendodirect2023,['nintendodirect2023'],1
newprincesspeachgame,"['newprincesspeachgame', 'newmariogame']",3
april29erasatl,['april29erasatl'],1
rosewalker,['rosewalker'],1
sandmanseries,['sandmanseries'],1
genderbentcosplay,['genderbentcosplay'],1
hairstylist,"['hairstylist', 'hairstylisthumor', 'hairstylistlife']",5
vaccin,['vaccin'],1
gothamecco,"['gothamecco', 'eccogotham']",3
bdwong,['bdwong'],1
gothamxnygmobblepot游떂游뱇,['gothamxnygmobblepot游떂游뱇'],1
veterinaryclinic,['veterinaryclinic'],1
veterinariansof,['veterinariansof'],1
vetetchlife,['vetetchlife'],1
parvovirustodogs,"['parvovirustodogs', 'parvotreatment']",3
vaccination,['vaccination'],1
covid,['covid'],1
robinlordtaylor,['robinlordtaylor'],1
viewfinderthegame,['viewfinderthegame'],1
mugthief,['mugthief'],1
piterparker,['piterparker'],1
jimtheoffice,['jimtheoffice'],1
friendgroupcheck,['friendgroupcheck'],1
sims4story,"['sims4story', 'sims4stories', 'sims4expansionpack']",5
rescuerat,['rescuerat'],1
themacfamily,['themacfamily'],1
netflixespa침a,['netflixespa침a'],1
polinstan,['polinstan'],1
damienwaynebestrobin,['damienwaynebestrobin'],1
taylorshow,['taylorshow'],1
escolhaumaop칞칚o,['escolhaumaop칞칚o'],1
captainbarnes,['captainbarnes'],1
jervis,['jervis'],1
leslietompkinsedit,['leslietompkinsedit'],1
madhatteredit,['madhatteredit'],1
enygma_gotham,['enygma_gotham'],1
icantignoreyou,['icantignoreyou'],1
benedictsamuel,['benedictsamuel'],1
leslie,['leslie'],1
leetetchvirus,"['leetetchvirus', 'alicetetchvirus']",3
tompkins,['tompkins'],1
theexecutioner,['theexecutioner'],1
leetompkinscosplay,['leetompkinscosplay'],1
jvlixq,['jvlixq'],1
leexjim,['leexjim'],1
souldancers,['souldancers'],1
cms,['cms'],1
corymichealsmithedit,['corymichealsmithedit'],1
leethomkinsgotham,"['leethomkinsgotham', 'leethomkins']",3
morenabaccarinedits,['morenabaccarinedits'],1
leetompkis,['leetompkis'],1
aiuda,['aiuda'],1
oswaldtheangrybird,['oswaldtheangrybird'],1
therapymeme,['therapymeme'],1
ohdarlingallofthecitylights,['ohdarlingallofthecitylights'],1
nygmakins,['nygmakins'],1
klausbaudelaireswife_,['klausbaudelaireswife_'],1
kaeloy,"['kaeloy', 'ka']",3
ketiemcgrath,['ketiemcgrath'],1
supegirl,['supegirl'],1
melissabenoist321,['melissabenoist321'],1
taylorswiftvegas,"['taylorswiftvegas', 'taylorswiftmadrid', 'reputationalbumtaylorswift', 'taylorswiftchants', 'taylorswiftpittsburgh', 'taylorswiftcult']",8
thatgurlo_o,['thatgurlo_o'],1
barbrakeanedits,"['barbrakeanedits', 'barbrakeanedit']",3
barbrakean,['barbrakean'],1
myheartwillgoon,['myheartwillgoon'],1
sebsmrvl,['sebsmrvl'],1
secretinvasionshow,"['secretinvasionshow', 'secretinvasionmcu']",3
mariahillmarvel,['mariahillmarvel'],1
rupertfriend,['rupertfriend'],1
tonyrevolori,['tonyrevolori'],1
theerastournight1,"['theerastournight1', 'theerastourmadrid', 'erastourhaul', 'wembleyerastour', 'erastourpittsburghn1', 'erastourgillettenight1']",8
invest,['invest'],1
compoundinterest,['compoundinterest'],1
compoundinginterest,['compoundinginterest'],1
richpeoplesecrets,['richpeoplesecrets'],1
harveybullockedit,['harveybullockedit'],1
jamesgordonedit,['jamesgordonedit'],1
edlee,['edlee'],1
thompkean,"['thompkean', 'thompkeanedit']",3
queenofthenarrows,['queenofthenarrows'],1
dramaturgy,['dramaturgy'],1
playwright,['playwright'],1
lar,['lar'],1
festaportuguesa,['festaportuguesa'],1
pigtails,['pigtails'],1
piggytales,['piggytales'],1
kidhairstyles,['kidhairstyles'],1
piggies,['piggies'],1
implode,['implode'],1
_emmabooks,['_emmabooks'],1
maxwellsheffieldedit,['maxwellsheffieldedit'],1
franwelledit,['franwelledit'],1
thenannyedit,['thenannyedit'],1
ticketmastertips,['ticketmastertips'],1
reginaineveryep,['reginaineveryep'],1
princessannika,"['princessannika', 'annika', 'princessannikaedit']",5
asylum,['asylum'],1
linda,['linda'],1
sobrinha,['sobrinha'],1
rattraining,['rattraining'],1
pinkhair,['pinkhair'],1
mcenergy,['mcenergy'],1
sqirrelsinmypants,['sqirrelsinmypants'],1
sarahnatochenny,['sarahnatochenny'],1
calgaryexpo,['calgaryexpo'],1
sensorylanyard,"['sensorylanyard', 'lanyard', 'sensory']",3
lanyard,"['lanyard', 'sunflowerlanyard']",3
sensory,"['sensory', 'sensorytoy', 'sensorytool']",5
keyring,['keyring'],1
funkyfidgets,['funkyfidgets'],1
parentingtip,['parentingtip'],1
serietheflash,['serietheflash'],1
wallacewestflash,['wallacewestflash'],1
spirfire,['spirfire'],1
tedlassoseason3episode5,['tedlassoseason3episode5'],1
julietavenegas,['julietavenegas'],1
k3nobiaep,['k3nobiaep'],1
slides,['slides'],1
alphacc,['alphacc'],1
erastourmerchhaul,"['erastourmerchhaul', 'erastourhaul']",2
alexandradaddario,['alexandradaddario'],1
thecarlins,['thecarlins'],1
olicityedit,['olicityedit'],1
laaraedits,['laaraedits'],1
gabrielohara,['gabrielohara'],1
fellow,['fellow'],1
simscas,['simscas'],1
maxismatch,['maxismatch'],1
distracted,['distracted'],1
manifestations,['manifestations'],1
petty,['petty'],1
teleport,['teleport'],1
lenixsquad,['lenixsquad'],2
maxgamsw,['maxgamsw'],1
fip,['fip'],1
natwolff,['natwolff'],1
melaniemartinezedit,['melaniemartinezedit'],1
afterschoolep,['afterschoolep'],1
aquatic,['aquatic'],1
octaviaspencer,['octaviaspencer'],1
produtospersonalizados,"['produtospersonalizados', 'azulejospersonalizados', 'presentespersonalizados', 'brindespersonalizados']",7
azulejos,"['azulejos', 'azulejospersonalizados']",2
tonydalton,"['tonydalton', 'tonydaltonedit']",3
jackduquesne,"['jackduquesne', 'jackduquesneedit']",3
traveldeals,['traveldeals'],1
budgetting,['budgetting'],1
peterthehorseishere,['peterthehorseishere'],1
howdycowboy,['howdycowboy'],1
yeehawwww,['yeehawwww'],1
nhie4,['nhie4'],1
dhlover123,['dhlover123'],1
portals,"['portals', 'portalstour']",3
londondisneystore,"['londondisneystore', 'disneystoreuk', 'disneystorelondon', 'disneyshoplondon', 'disneylondon']",8
moonring,['moonring'],1
bathtoys,"['bathtoys', 'bathtoysforkids', 'bathtoysfortoddlers']",5
specialbath,['specialbath'],1
munchlingplush,['munchlingplush'],1
disneyplush,['disneyplush'],1
annatendler,['annatendler'],1
sunandmoonrings,['sunandmoonrings'],1
pandorarings,['pandorarings'],1
sunring,['sunring'],1
interraileuropa,"['interraileuropa', 'interraileurope']",2
interraileurope,"['interraileurope', 'interrailingeurope']",2
tallinn,['tallinn'],1
guiatallin,['guiatallin'],1
interrailing,"['interrailing', 'interrailingeurope']",3
sherrycola,['sherrycola'],1
stephaniehsu,['stephaniehsu'],1
sabrinawu,['sabrinawu'],1
bathtimefun,['bathtimefun'],1
figurehunting,['figurehunting'],1
gmail,['gmail'],1
littlemixperfomance,['littlemixperfomance'],1
leighannepinnock,['leighannepinnock'],1
sweetmelody,['sweetmelody'],1
nursejohnn,['nursejohnn'],1
healthcarehumor,['healthcarehumor'],1
medicalhumor,['medicalhumor'],1
oldtoy,['oldtoy'],1
tamashiinations,['tamashiinations'],1
complete,['complete'],1
buzz,['buzz'],1
bougiedisney,"['bougiedisney', 'bougieonabudget']",3
reeshaqueen,['reeshaqueen'],1
akihabara,['akihabara'],1
packmybackpackwithme,['packmybackpackwithme'],1
mickeybeignet,['mickeybeignet'],1
mickeybeignets,['mickeybeignets'],1
dyson,"['dyson', 'dysonzone', 'dysonheadphones']",6
beatsheadphones,['beatsheadphones'],1
headphonesrepair,['headphonesrepair'],1
earpadreplacement,['earpadreplacement'],1
todayskids,['todayskids'],1
mp4,['mp4'],1
amazonheadphones,['amazonheadphones'],1
chunkyheadphones,"['chunkyheadphones', 'chunky']",3
pinterestheadphones,['pinterestheadphones'],1
senheiser,['senheiser'],1
magickingdomfood,"['magickingdomfood', 'magickingdomcastle']",3
hd6xx,['hd6xx'],1
listenwithheadphones,['listenwithheadphones'],1
fullvolume,['fullvolume'],1
alishquiche,['alishquiche'],1
headphonesounds,['headphonesounds'],1
headphonesrecommended,['headphonesrecommended'],1
headphonesunboxing,['headphonesunboxing'],1
pinkheadphones,['pinkheadphones'],1
cuteunboxing,['cuteunboxing'],1
beatsstudio3,['beatsstudio3'],1
saifashraf,['saifashraf'],1
mryeester,['mryeester'],1
usb,['usb'],1
waltdisneyworldparks,"['waltdisneyworldparks', 'waltdisneyworldfood']",2
cinderellacastlesuite,['cinderellacastlesuite'],1
tonyschocolate,['tonyschocolate'],1
tonysamsterdam,['tonysamsterdam'],1
thingstodoinamsterdam,['thingstodoinamsterdam'],1
chocolateloversdream,['chocolateloversdream'],1
mazerunneredit,['mazerunneredit'],1
deadpoolvstheworld,"['deadpoolvstheworld', 'deadpoolperu']",3
yukioedit,['yukioedit'],1
swantiagos,['swantiagos'],1
innout,['innout'],1
kyliejennersinnoutorder,['kyliejennersinnoutorder'],1
innoutsecretmenu,['innoutsecretmenu'],1
disneyfail,['disneyfail'],1
whatiatedisney,['whatiatedisney'],1
techgadgets,['techgadgets'],1
quartogamer,['quartogamer'],1
iphone14,['iphone14'],1
littlemixmoments,['littlemixmoments'],1
nikkiandpug,"['nikkiandpug', 'pugandnikki']",3
spiderhq,['spiderhq'],1
kitxheartstxpper,['kitxheartstxpper'],1
seift,['seift'],1
acreads,['acreads'],1
ravisinghagggtm,"['ravisinghagggtm', 'ravisinghedit']",3
bookboys,['bookboys'],1
pipfitzamobi,['pipfitzamobi'],1
bookreaders,['bookreaders'],1
phandom,['phandom'],1
joshsegarra,['joshsegarra'],1
shulkie,['shulkie'],1
theoppartner,['theoppartner'],1
shehulkattorneystlaw,['shehulkattorneystlaw'],1
platonicfriends,['platonicfriends'],1
slicknik,['slicknik'],1
joshsegarrs,['joshsegarrs'],1
sneakerheads,['sneakerheads'],1
officebuddies,['officebuddies'],1
avingers,['avingers'],1
travelsafety,['travelsafety'],1
publishingcareer,['publishingcareer'],1
publishinglife,['publishinglife'],1
gigiandtaylor,['gigiandtaylor'],1
reputationalarmclock,"['reputationalarmclock', 'reputationalarm']",3
aldodxb,['aldodxb'],1
leanonme,['leanonme'],1
emilyhenrybooks,['emilyhenrybooks'],1
strawberries,['strawberries'],1
workinginpublishing,['workinginpublishing'],1
workinginmarketing,['workinginmarketing'],1
barbiealdo,['barbiealdo'],1
aldodubai,['aldodubai'],1
happythursday,['happythursday'],1
erasdancers,['erasdancers'],1
portugalkpop,['portugalkpop'],1
bangyongguk,['bangyongguk'],1
thecolorstour,['thecolorstour'],1
thecolorsofbang_eu,['thecolorsofbang_eu'],1
officialkevents,['officialkevents'],1
rootofficial_kr,['rootofficial_kr'],1
nikecollab,['nikecollab'],1
cvscouponing,['cvscouponing'],1
bp1,['bp1'],1
bipolardisorder,['bipolardisorder'],1
bp2,['bp2'],1
serviceindustry,['serviceindustry'],1
kendrick,['kendrick'],1
websitehacks,['websitehacks'],1
garments,['garments'],1
convertible,['convertible'],1
balikkampung,['balikkampung'],1
travelfinds,['travelfinds'],1
amazonfinds2022,"['amazonfinds2022', 'amazontechfinds']",3
campustour,['campustour'],1
ourbelovedsummer,['ourbelovedsummer'],1
theme,['theme'],1
cringestory,['cringestory'],1
engagementstory,['engagementstory'],1
prenup,['prenup'],1
friendshipstorytime,"['friendshipstorytime', 'friendshipstory', 'historystorytime']",5
studyhallpartner,"['studyhallpartner', 'studyhall']",3
emilyratajkowski,['emilyratajkowski'],1
celebritycult,['celebritycult'],1
noonecares,['noonecares'],1
mentalgealthmatters,['mentalgealthmatters'],1
crochetinsperation,['crochetinsperation'],1
crochetshrug,['crochetshrug'],1
songofthetoday,['songofthetoday'],1
mikeohearn,"['mikeohearn', 'mikeohearnmeme']",3
babydonthurtme,['babydonthurtme'],1
frombloodandash,['frombloodandash'],1
celebridades,['celebridades'],1
russellcrowe,['russellcrowe'],1
zeus,['zeus'],1
travisfimmel,['travisfimmel'],1
janelevy,['janelevy'],1
aphrodite,['aphrodite'],1
gerardbutler,['gerardbutler'],1
lenaheadey,['lenaheadey'],1
gaea,['gaea'],1
milesmorales42,"['milesmorales42', 'milesmoralesp']",3
prowlermiles,['prowlermiles'],1
dysonabsoluteplus,['dysonabsoluteplus'],1
glitchinthematrix,['glitchinthematrix'],1
lilymarston,['lilymarston'],1
xboxcontroller,['xboxcontroller'],1
jakethebrogrammer,['jakethebrogrammer'],1
import,['import'],1
therapyheadphones,['therapyheadphones'],1
ribbon,['ribbon'],1
submarin,['submarin'],1
titanicnews,['titanicnews'],1
jessismiles,['jessismiles'],1
shelookssoperfect,['shelookssoperfect'],1
kirklandsignature,['kirklandsignature'],1
costcomom,['costcomom'],1
costcovlog,['costcovlog'],1
costcosnacks,"['costcosnacks', 'costcodeals']",3
woneninbusiness,['woneninbusiness'],1
holistichealth,['holistichealth'],1
womenentreprenuer,['womenentreprenuer'],1
wrightdownmainstreet,['wrightdownmainstreet'],1
ps2controller,['ps2controller'],1
jbl,['jbl'],1
trident,['trident'],1
masonalexanderpark,['masonalexanderpark'],1
embracingmyinnercostnmayorwiththedancing,['embracingmyinnercostnmayorwiththedancing'],1
roseandjack,['roseandjack'],1
titanictour,['titanictour'],1
unsinkable,['unsinkable'],1
maggierobertson,['maggierobertson'],1
outsoldyourfav,['outsoldyourfav'],1
lucaguadagnino,['lucaguadagnino'],1
mikefaist,['mikefaist'],1
airbnbfinds,['airbnbfinds'],1
convo,['convo'],1
theoceanisscary,['theoceanisscary'],1
oceansgate,['oceansgate'],1
titanicchallenge,['titanicchallenge'],1
fanfictionnet,['fanfictionnet'],1
experiment626,['experiment626'],1
kittenchallenge,['kittenchallenge'],1
honestly,['honestly'],1
bestinterests,['bestinterests'],1
doctordoom,['doctordoom'],1
marvell,['marvell'],1
kellythompson,['kellythompson'],1
type2funkindagirl,['type2funkindagirl'],1
septemberbaby,['septemberbaby'],1
septemberduedate,['septemberduedate'],1
7monthspregnant,['7monthspregnant'],1
29weekspregnant,['29weekspregnant'],2
ivfjourneysuccess,['ivfjourneysuccess'],1
pregnancyafterinfertility,['pregnancyafterinfertility'],1
pregnancyafterloss,['pregnancyafterloss'],1
babygirlontheway,['babygirlontheway'],1
furnitureflip,['furnitureflip'],1
furnituremakeover,['furnituremakeover'],1
frezeeyarts,"['frezeeyarts', 'frezeeytrechos']",3
alyssawong,['alyssawong'],1
spicychapters,['spicychapters'],1
sp1d3ysp1d3y21f,['sp1d3ysp1d3y21f'],1
toosoondude,['toosoondude'],1
disneystoreuk,"['disneystoreuk', 'disneyshopuk', 'disneystorelondon']",3
disneyshopuk,"['disneyshopuk', 'disneyshoplondon']",2
nurseryonabudget,['nurseryonabudget'],1
patchworkchair,"['patchworkchair', 'patchwork']",3
diynurserydecor,['diynurserydecor'],1
lyja,['lyja'],1
legalese,['legalese'],1
doublenegatives,['doublenegatives'],1
overanalyzing,['overanalyzing'],1
1889,['1889'],1
poedameronismyhusband,['poedameronismyhusband'],1
oscarisaacismine,['oscarisaacismine'],1
spidermanburgerking,['spidermanburgerking'],1
zionmiller,"['zionmiller', 'zionmilleredit', 'zionmilleredits']",5
paulrandolph,"['paulrandolph', 'paulrandolphedit']",3
georgiaandzion,['georgiaandzion'],1
georgiaandpaul,['georgiaandpaul'],1
amazontotebag,['amazontotebag'],1
nurserydecorating,"['nurserydecorating', 'decorating']",2
reupholstery,['reupholstery'],1
desireoftheendlessedit,['desireoftheendlessedit'],1
lucifermorningstaredit,['lucifermorningstaredit'],1
spidermanvillains,['spidermanvillains'],1
makeithappen,['makeithappen'],1
hillsong,"['hillsong', 'hillsongunited']",3
promotion,['promotion'],1
payraise,['payraise'],1
jobadvice,['jobadvice'],1
skylarstorm,['skylarstorm'],1
agoodgirlsguideseries,['agoodgirlsguideseries'],1
skylarstormedit,['skylarstormedit'],1
chasedavenport,"['chasedavenport', 'chasedavenportedit']",3
stigasmussen,['stigasmussen'],1
bossbattle,['bossbattle'],1
podcastbeyond,['podcastbeyond'],1
elvisthesmallmouth,['elvisthesmallmouth'],1
loadedfries,['loadedfries'],1
kraventhehunteredit,['kraventhehunteredit'],1
travelbackpack,['travelbackpack'],1
momsofteensandtweens,['momsofteensandtweens'],1
decorating,"['decorating', 'decoratingheadphones', 'cakesdecorating']",5
holographic,['holographic'],1
curlscheck,['curlscheck'],1
3bcurls,['3bcurls'],1
mfdoom,['mfdoom'],1
smallbrand,['smallbrand'],1
headphonecharm,['headphonecharm'],1
airpodpromax,['airpodpromax'],1
headphoneattachment,['headphoneattachment'],1
airpodsmaxattachments,['airpodsmaxattachments'],1
futuristicfashion,['futuristicfashion'],1
qappybird,['qappybird'],1
skullcandyslander,['skullcandyslander'],1
usehedphones游꿚游꿚游댉_when_you_feel,['usehedphones游꿚游꿚游댉_when_you_feel'],1
theycallmedhothar,['theycallmedhothar'],1
vibesking,"['vibesking', 'vibesking302']",3
aveeplayer,['aveeplayer'],1
drinkingaroundtheworld,['drinkingaroundtheworld'],1
folkloremerch,['folkloremerch'],1
flopughaep,['flopughaep'],1
agggtmtvshow,['agggtmtvshow'],1
sandmancorinthian,['sandmancorinthian'],1
clay,"['clay', 'polymerclay']",3
twomomssquad,"['twomomssquad', 'twomomsoftriplets']",3
lgbtqfamily,['lgbtqfamily'],1
celebrate,['celebrate'],1
outfitplanning,['outfitplanning'],1
anathema,['anathema'],1
shoppingfinds,"['shoppingfinds', 'thriftshoppingfinds']",3
sculpture,['sculpture'],1
figurine,['figurine'],1
cloudforest,"['cloudforest', 'cloudforestdome', 'cloudforestsingapore']",5
gardensbythebaysingapore,['gardensbythebaysingapore'],1
goinginsane,['goinginsane'],1
marvelcarnage,['marvelcarnage'],1
tashi,['tashi'],1
dreamsandman,['dreamsandman'],1
kentonanami,['kentonanami'],1
satorugojo,['satorugojo'],1
cominghomeday,['cominghomeday'],1
triplets,['triplets'],1
nicugraduate,['nicugraduate'],1
timikeys,['timikeys'],1
xylospongiumsweep,"['xylospongiumsweep', 'xylospongium']",3
shoedazzle,['shoedazzle'],1
travelorganizer,"['travelorganizer', '7in1travelorganizer']",3
travelpouch,['travelpouch'],1
bridesmaid,['bridesmaid'],1
vfxartist,"['vfxartist', 'sorceressvfx']",3
nicolascagesuperman,['nicolascagesuperman'],1
brideprep,['brideprep'],1
tuscanyelopement,"['tuscanyelopement', 'tuscanyelopementphotographer']",3
italywedding,"['italywedding', 'italyweddingphotographer']",3
lupaia,['lupaia'],1
frostedminiwheats,['frostedminiwheats'],1
concertgirlies,['concertgirlies'],1
laantorchahumana,['laantorchahumana'],1
hopexvqmps,['hopexvqmps'],1
ikissedsharawheeleredit,"['ikissedsharawheeleredit', 'ikissedsharawheeler']",3
lostdogfound,"['lostdogfound', 'lostdog']",3
thedodo,['thedodo'],1
developingstory,['developingstory'],1
tourists,['tourists'],1
fandomhumor,['fandomhumor'],1
fandomthoughts,['fandomthoughts'],1
lebanon,['lebanon'],1
glasgow,['glasgow'],1
crimesreais,['crimesreais'],1
widowsswift,['widowsswift'],1
mayaandthethreenetflix,"['mayaandthethreenetflix', 'mayaandthethreeedit']",3
lacatrina,['lacatrina'],1
20century,"['20century', '20centuryfox']",3
ladymicte,['ladymicte'],1
cipactli,['cipactli'],1
ctto,['ctto'],1
creditstotheowner,['creditstotheowner'],1
mayazatz,['mayazatz'],1
meredithblake,['meredithblake'],1
petowner,['petowner'],1
acrossthespiderversemovie,"['acrossthespiderversemovie', 'acrossthespiderversememe', 'acrossthespiderversec', 'milesmoralespidermanacrossthespiderverse', 'spiderversespoilers']",8
rescuegoats,['rescuegoats'],1
wholesomedads,['wholesomedads'],1
firewatch,['firewatch'],1
yousingloudisinglouder,['yousingloudisinglouder'],1
londonafternoontea,['londonafternoontea'],1
maddie,['maddie'],1
mbeditx,"['mbeditx', 'tessfastxedit']",2
madelainemccan,['madelainemccan'],1
thefinalchapter,['thefinalchapter'],1
casosmisterioso,['casosmisterioso'],1
madeleine,['madeleine'],1
madeleinemccannedit,['madeleinemccannedit'],1
casos,"['casos', 'casoscriminales']",3
mariaposada,['mariaposada'],1
manolosanchez,['manolosanchez'],1
midwest,['midwest'],1
thingsreadersdo,['thingsreadersdo'],1
bookjoke,['bookjoke'],1
hortonhearsawho,['hortonhearsawho'],1
shak,['shak'],1
laloba,['laloba'],1
cookiebutter,['cookiebutter'],1
go4u,['go4u'],1
stefanandelena,['stefanandelena'],1
mayayzatz,['mayayzatz'],1
pilot,['pilot'],1
tvdacccount,['tvdacccount'],1
someonewholovesyouwouldntdothis,['someonewholovesyouwouldntdothis'],1
parallelism,['parallelism'],1
differentseasons,['differentseasons'],1
loveandbroke,['loveandbroke'],1
kelsewhatelse,['kelsewhatelse'],1
aehreticscomp,['aehreticscomp'],1
livxfelicitycomp,"['livxfelicitycomp', 'livxhalle']",3
mariaymanolo,['mariaymanolo'],1
babybunny,['babybunny'],1
therealjosephmorgan,['therealjosephmorgan'],1
frconvention,['frconvention'],1
frconventions,['frconventions'],1
trashpanda,['trashpanda'],1
chonky,['chonky'],1
raccoonmeme,['raccoonmeme'],1
raccoonmemes,['raccoonmemes'],1
brooklyninenine,"['brooklyninenine', 'scullybrooklynninenine']",2
theblondsny,['theblondsny'],1
miamiswimweek,['miamiswimweek'],1
movieextra,['movieextra'],1
summeredit,['summeredit'],1
davidspade,['davidspade'],1
bookban,['bookban'],1
southcarolina,['southcarolina'],1
taylorssquad,['taylorssquad'],1
careerday,['careerday'],1
thesalvatoredoppelgangers,['thesalvatoredoppelgangers'],1
beautifulgirl,['beautifulgirl'],1
legaciesmemes,['legaciesmemes'],1
paradeflopar,['paradeflopar'],1
theoringinals,['theoringinals'],1
hereticaepz,['hereticaepz'],1
klauandhope,['klauandhope'],1
klausandhopeseason4,"['klausandhopeseason4', 'hopeeklaus', 'klausandhopeedit']",5
johnlennon,['johnlennon'],1
firststeps,['firststeps'],1
miparati,['miparati'],1
tvdbr,['tvdbr'],1
thoriginals,['thoriginals'],1
temply,['temply'],1
armpit,"['armpit', 'armpithair']",3
trimmin,"['trimmin', 'trim']",3
facialhairremoval,"['facialhairremoval', 'facialhair', 'hairremovalhack', 'womanwithfacialhair']",7
eyebrowshaping,"['eyebrowshaping', 'shaping']",2
thickeyebrows,['thickeyebrows'],1
kaylope,['kaylope'],1
powerfulscreams,['powerfulscreams'],1
5to9realisticroutine,"['5to9realisticroutine', '5to9routine', '5to9pm', '5to9grind', '5to9life']",5
masters,['masters'],1
my5to9dayinthelife,"['my5to9dayinthelife', '5to9routine', '5to9pm', '5to9grind', '5to9life', 'consultantdayinlife']",10
loveislanduk,['loveislanduk'],1
miawasikowska,['miawasikowska'],1
makingmoneyon,"['makingmoneyon', 'makingmoneyontheweekends']",3
debtfreejourney,['debtfreejourney'],1
lowspendmonth,['lowspendmonth'],1
sidehustles,['sidehustles'],1
amazonflex,"['amazonflex', 'amazonflexdriver']",3
klausmikaelsonlegacies,"['klausmikaelsonlegacies', 'klausmikelson']",3
ryy,['ryy'],1
shapingmybrow,"['shapingmybrow', 'shaping']",3
sleekeyebrows,['sleekeyebrows'],1
allengore,['allengore'],1
candysmom,['candysmom'],1
shhh,['shhh'],1
fakeweapon,['fakeweapon'],1
elizabetholsenloveanddeath,['elizabetholsenloveanddeath'],1
donttakethisdown,['donttakethisdown'],1
candymonthomery,['candymonthomery'],1
maxoriginal,"['maxoriginal', 'hbomaxoriginal']",3
wylietexas,['wylietexas'],1
loveanddearh,['loveanddearh'],1
wylietx,['wylietx'],1
pastorjackie,['pastorjackie'],1
iveneverfeltsoalone,['iveneverfeltsoalone'],1
watchmyheartburn,['watchmyheartburn'],1
amorymuerte,['amorymuerte'],1
telocuentoen,['telocuentoen'],1
roar,['roar'],1
fastaudios,['fastaudios'],1
iconicscream,['iconicscream'],1
ohiloveitandihateitatthesametime,['ohiloveitandihateitatthesametime'],1
fakeargument,['fakeargument'],1
amoremorte,['amoremorte'],1
chesterthecat,['chesterthecat'],1
thomascutit,['thomascutit'],1
barbervideos,['barbervideos'],1
barberclips,['barberclips'],1
mississippibarber,['mississippibarber'],1
barbertips,['barbertips'],1
barberstyledirectory,"['barberstyledirectory', 'barberstyle']",3
crispylineup,['crispylineup'],1
razorline,['razorline'],1
razorshave,['razorshave'],1
dermaplaning,['dermaplaning'],1
collagen,['collagen'],1
manscaping,['manscaping'],1
mensstyle,['mensstyle'],1
indianmensguide,['indianmensguide'],1
laser,['laser'],1
siredbytvdu,['siredbytvdu'],1
chococat,['chococat'],1
yoshikitty,['yoshikitty'],1
sanriocharacterranking2023,['sanriocharacterranking2023'],1
katarinastratford,['katarinastratford'],1
10tihay,['10tihay'],1
darylmitchell,['darylmitchell'],1
aladdin2019,['aladdin2019'],1
aladdinandjasmine,['aladdinandjasmine'],1
clarabelle,['clarabelle'],1
tobecontinued,['tobecontinued'],1
ontarioschools,['ontarioschools'],1
kidsdothecraziestthings,['kidsdothecraziestthings'],1
kirimichan,['kirimichan'],1
funnymoms,['funnymoms'],1
geogiamiller,['geogiamiller'],1
gonegonegone,['gonegonegone'],1
philipphilips,['philipphilips'],1
rossandphoebe,['rossandphoebe'],1
friendstvsho,['friendstvsho'],1
freecoopgames,"['freecoopgames', 'freesteamgames']",3
gamingreels,['gamingreels'],1
breadandfred,['breadandfred'],1
puzzlewizards,['puzzlewizards'],1
usahana,['usahana'],1
hangyodon,['hangyodon'],1
bruiserwoods,['bruiserwoods'],1
deondevemesseseujeitinho,['deondevemesseseujeitinho'],1
richblonde,['richblonde'],1
reginageorgeedit,['reginageorgeedit'],1
illshowyouhowvaluableellewoodscanbe,['illshowyouhowvaluableellewoodscanbe'],1
legallyblondetour,['legallyblondetour'],1
ustour,['ustour'],1
graduationday,['graduationday'],1
pinkcapandgown,['pinkcapandgown'],1
collegesenior,['collegesenior'],1
filmesdepatricinhas,['filmesdepatricinhas'],1
poppymoore,['poppymoore'],1
dolmantheatrenewport,['dolmantheatrenewport'],1
petducks,['petducks'],1
ellewoodscosplay,"['ellewoodscosplay', 'ellewoodschallenge', 'ellewoodsismyicon']",5
wifeswap,"['wifeswap', 'wifeswapupdate', 'wifeswapusa']",5
realitytvregrets,['realitytvregrets'],1
flashfinaleseason,['flashfinaleseason'],1
zoomies,['zoomies'],1
icewater,['icewater'],1
ccmarvxl,['ccmarvxl'],1
workftomhomejobs,['workftomhomejobs'],1
niketech,['niketech'],1
honoursdegree,['honoursdegree'],1
techcareers,['techcareers'],1
ghc,['ghc'],1
womenintechclub,['womenintechclub'],1
codingtipsandtricks,['codingtipsandtricks'],1
roevswade,['roevswade'],1
classicsdegree,['classicsdegree'],1
romanmythology,['romanmythology'],1
sixfigureincome,['sixfigureincome'],1
techsalary,['techsalary'],1
perteeee,['perteeee'],1
morningpages,['morningpages'],1
restisproductive,['restisproductive'],1
jobloss,['jobloss'],1
apperph,['apperph'],1
apperdigitalinc,['apperdigitalinc'],1
lifeatapper,['lifeatapper'],1
peopleandculture,['peopleandculture'],1
awspartner,['awspartner'],1
googler,['googler'],1
techhumor,['techhumor'],2
ntnustudent,['ntnustudent'],1
studievalg,['studievalg'],1
filipina,['filipina'],1
earlycareer,['earlycareer'],1
girlswhowork,['girlswhowork'],1
mondaysbelike,['mondaysbelike'],1
seattlelifestyle,['seattlelifestyle'],1
amazontech,"['amazontech', 'amazontechfinds']",2
macbookaccessories,['macbookaccessories'],1
appleaccessories,['appleaccessories'],1
desefacibernetica,['desefacibernetica'],1
product,"['product', 'productmusthaves']",3
datingintech,['datingintech'],1
techmemes,['techmemes'],1
corporatememes,['corporatememes'],1
roborockrun,['roborockrun'],1
csgo,['csgo'],1
csdegree,['csdegree'],1
microbiology,['microbiology'],1
cloudengineer,['cloudengineer'],1
thewizardlizmindset,['thewizardlizmindset'],1
legalmenteloira,['legalmenteloira'],1
jacbrunch,['jacbrunch'],1
inheritance,['inheritance'],1
weddingmoves,['weddingmoves'],1
derekhough,['derekhough'],1
thepointerbrothers,['thepointerbrothers'],1
cinemasnacks,['cinemasnacks'],1
cutecows,['cutecows'],1
beddecor,['beddecor'],1
plushiecollection,"['plushiecollection', 'crochetbunnyplushie']",3
cutegiftsforher,['cutegiftsforher'],1
cuteaesthetic,['cuteaesthetic'],1
europebusinessowners,"['europebusinessowners', 'businessineurope']",3
thevampirediariesacting,['thevampirediariesacting'],1
codingeurope,['codingeurope'],1
websiteenglish,['websiteenglish'],1
shavingtip,['shavingtip'],1
avagilmorevsp,['avagilmorevsp'],1
lordtewksbury,['lordtewksbury'],2
lolsuprisedolls,"['lolsuprisedolls', 'lolsurprisedolls', 'lolsupriseminaturecollection']",5
thevampirediarescast,['thevampirediarescast'],1
formula1br,"['formula1br', 'formula1brasil']",3
brunchlisbon,['brunchlisbon'],1
lisbonrestaurant,['lisbonrestaurant'],1
brunchtime,['brunchtime'],1
sabdwich,['sabdwich'],1
brunchlisboa,['brunchlisboa'],1
coffeelisbon,['coffeelisbon'],1
gillperdue,['gillperdue'],1
crimefiction,['crimefiction'],1
irishbook,['irishbook'],1
booksof2023,['booksof2023'],1
funnystefansalvatore,"['funnystefansalvatore', 'funnystefan']",3
zaynlouisharryniallliam,['zaynlouisharryniallliam'],1
greenrings,['greenrings'],1
cigarandspirits,['cigarandspirits'],1
itsokaytolovethemboth,['itsokaytolovethemboth'],1
damonedits,['damonedits'],1
funnypaulwesly,"['funnypaulwesly', 'funnypaulwesley', 'paulwesleyfunnymoments', 'funnypaul', 'paulfunny']",8
paulwesleyfunnymoments,"['paulwesleyfunnymoments', 'funnypaul', 'paulfunny', 'damonfunnymoments']",4
minaturecollectibles,"['minaturecollectibles', 'minaturedolls']",3
shadowhigh,['shadowhigh'],1
petbarbiegirl,['petbarbiegirl'],1
disneyilydolls,"['disneyilydolls', 'disneyily']",3
funkravechallenge,"['funkravechallenge', 'funkrave']",3
dianaschaderenard,['dianaschaderenard'],1
adalindschade,['adalindschade'],1
kellyburkhardt,['kellyburkhardt'],1
rerootingdollhair,"['rerootingdollhair', 'dollhairwashing']",3
barbemovie,['barbemovie'],1
disneyupdates,['disneyupdates'],1
barbiefilterchallenge,"['barbiefilterchallenge', 'barbiefiltergonewrong', 'barbiefilterfail', 'barbiefiltercat']",7
stl,"['stl', 'stlzoo']",2
stlzoo,"['stlzoo', 'stlouiszoo']",3
jewellery,['jewellery'],1
opalring,['opalring'],1
theshannoncollection,['theshannoncollection'],1
sposa,['sposa'],1
unsolvedcasefiles,['unsolvedcasefiles'],1
kaydiwatch,['kaydiwatch'],1
igotyouallfiguredout,['igotyouallfiguredout'],1
pregnacy,['pregnacy'],1
talesfromthefrontdesk,['talesfromthefrontdesk'],1
midnightrunwayfrankie,"['midnightrunwayfrankie', 'midnightrunway']",3
mhcollectordolls,['mhcollectordolls'],1
mgaentertainmentdolls,['mgaentertainmentdolls'],1
mylittlepony,['mylittlepony'],1
dontgiveup,['dontgiveup'],1
gocalendersandgames,['gocalendersandgames'],1
openingmail,['openingmail'],1
bratzkidz,['bratzkidz'],1
goodluckcharlieedit,"['goodluckcharlieedit', 'goodluckcharliefans', 'deanandcharlieedit']",5
childhoo,['childhoo'],1
femaleredhood,"['femaleredhood', 'redhoodcosplayer']",3
painhubsu仇벒잺,['painhubsu仇벒잺'],1
milesandhobie,"['milesandhobie', 'spiderversehobie']",2
sephoraspain,"['sephoraspain', 'sephoraslide']",3
stretchyourgrocerydollars,['stretchyourgrocerydollars'],1
cheapmeals,['cheapmeals'],1
budgetmealprep,['budgetmealprep'],1
frugalliving,['frugalliving'],1
dollartreegroceryhaul,['dollartreegroceryhaul'],1
kaffee,['kaffee'],1
robincosplay,['robincosplay'],1
elenaalvarez,['elenaalvarez'],1
elenalvarezedit,['elenalvarezedit'],1
odaatedit,"['odaatedit', 'odaat']",2
odaat,"['odaat', 'odaatnetflix']",3
onedayatatime,"['onedayatatime', 'onedayatatimeedit']",3
isabellagomez,['isabellagomez'],1
alexalvarez,"['alexalvarez', 'alexalvarezedit']",3
penelopealvarez,['penelopealvarez'],1
xxl,['xxl'],1
sleepscientist,['sleepscientist'],1
nikolajcosterwaldau,['nikolajcosterwaldau'],1
alexcalvert,['alexcalvert'],1
batmaninamaiddress,['batmaninamaiddress'],1
worldofwinx,['worldofwinx'],1
sansaandjon,"['sansaandjon', 'jonandsansa']",3
jonsaedit,['jonsaedit'],1
aegonvitargaryen,['aegonvitargaryen'],1
jontargaryen,['jontargaryen'],1
jaimelannisteredit,['jaimelannisteredit'],1
gwendolinechristieedit,['gwendolinechristieedit'],1
davidkushner,"['davidkushner', 'davidkushnerdaylight']",3
podrickpayne,['podrickpayne'],1
podtherod,['podtherod'],1
alfieallen,['alfieallen'],1
begameofthronesryastark,['begameofthronesryastark'],1
gotedits,['gotedits'],1
jogodostronos,['jogodostronos'],1
sansaedit,['sansaedit'],1
sepatucustom,['sepatucustom'],1
adios,['adios'],1
eduardocosta,['eduardocosta'],1
lewishamiltonf1,"['lewishamiltonf1', 'f1funny', 'f1joke', 'f1nn']",4
tqg,['tqg'],1
shakiraandlewis,['shakiraandlewis'],1
funnyaf,['funnyaf'],1
f1funny,"['f1funny', 'f1joke', 'f1gpcanada', 'f1nn']",7
pike,['pike'],1
muzicaa333,['muzicaa333'],1
davidouat,['davidouat'],1
peoplepleasingrecovery,['peoplepleasingrecovery'],1
boundarysetting,['boundarysetting'],1
boundaryguilt,['boundaryguilt'],1
settingboundaries,['settingboundaries'],1
earlyyears,['earlyyears'],1
royalwork,['royalwork'],1
north_aep,['north_aep'],1
spidermanverse2,['spidermanverse2'],1
separa칞칚o,['separa칞칚o'],1
damonfunnymoments,"['damonfunnymoments', 'damonfunny']",3
setproductionassistant,['setproductionassistant'],1
comebacktomeplease,['comebacktomeplease'],1
wonderwell,['wonderwell'],1
webshooter,['webshooter'],1
spidermanmask,['spidermanmask'],1
callingmes,['callingmes'],1
swagleef,['swagleef'],1
paratic,['paratic'],1
crzgff,['crzgff'],1
l0verxkat,['l0verxkat'],1
comicconliverpool2023,['comicconliverpool2023'],1
doyougetdejavu,['doyougetdejavu'],1
ninaandianbreakup,['ninaandianbreakup'],1
belphegor,['belphegor'],1
pomskypuppy,"['pomskypuppy', 'pomsky']",3
camill,['camill'],1
cami,['cami'],1
oconnel,['oconnel'],1
camilloconnel,['camilloconnel'],1
dachshundfamily,['dachshundfamily'],1
dachshundpuppy,['dachshundpuppy'],1
bukayosaka,"['bukayosaka', 'bukayosakaedit']",3
rebekahandelena,['rebekahandelena'],1
funnygirl,['funnygirl'],1
jscc,['jscc'],1
hiddlesfan,"['hiddlesfan', 'hiddlesarmy']",3
jillscott,['jillscott'],1
nopuppysfortomholland,"['nopuppysfortomholland', 'tomhollandnews', 'tomhollandishot']",5
kingviserys,['kingviserys'],1
therealmsdelight,['therealmsdelight'],1
hightower,"['hightower', 'househightower']",3
takingthingsliterally,['takingthingsliterally'],1
andrewtatearrest,"['andrewtatearrest', 'andrewtatearrested', 'andrewtatefans', 'andrewtateistoxic']",7
trafficked,['trafficked'],1
ataluus,['ataluus'],1
neurodivergence,['neurodivergence'],1
literal,['literal'],1
doppleg칛nger,['doppleg칛nger'],1
imagine,['imagine'],1
coma,['coma'],1
finalepisode,['finalepisode'],1
nbaisback,['nbaisback'],1
dontdroptheohyeah,['dontdroptheohyeah'],1
perfectgifts,['perfectgifts'],1
oreoforsanta,['oreoforsanta'],1
tvdclub,['tvdclub'],1
houseofthedragons,['houseofthedragons'],1
mattsmithfan,['mattsmithfan'],1
deadline,['deadline'],1
thesimpsonsshow,['thesimpsonsshow'],1
thesimpsonsmarge,['thesimpsonsmarge'],1
thesimpsonslisa,"['thesimpsonslisa', 'lisasimpsons']",3
dessinanime,['dessinanime'],1
mooddisorders,['mooddisorders'],1
edrecovery,['edrecovery'],1
bingeeating,['bingeeating'],1
tapping,['tapping'],1
selfhealing,['selfhealing'],1
thesimpsonsfan,['thesimpsonsfan'],1
thesimpsonsclipz,['thesimpsonsclipz'],1
emmysawards,['emmysawards'],1
hiddentvdetails,"['hiddentvdetails', 'tvdetails']",3
simpsonscenas,['simpsonscenas'],1
ossimpsons,['ossimpsons'],1
desenhosanimado,['desenhosanimado'],1
cortessimpsons,"['cortessimpsons', 'simpsonscortes']",3
inbedrotting,['inbedrotting'],2
bedrot,['bedrot'],1
thesimpsonssnwball,['thesimpsonssnwball'],1
saynotobullying,['saynotobullying'],1
queenrhaenyra,['queenrhaenyra'],1
productiveeveningroutine,['productiveeveningroutine'],1
sofiamargaritavergara,['sofiamargaritavergara'],1
aedrr,['aedrr'],1
visitturkey,['visitturkey'],1
bodyissues,['bodyissues'],1
pattyandselma,['pattyandselma'],1
homersimpsonwreckles45,['homersimpsonwreckles45'],1
milhouse,['milhouse'],1
simpson,['simpson'],1
thesimpsonsedit,['thesimpsonsedit'],2
lisaedit,['lisaedit'],1
nelsonandlisa,"['nelsonandlisa', 'nelson']",3
nelsonedit,"['nelsonedit', 'nelson']",2
animationdomination,['animationdomination'],1
summermovies,['summermovies'],1
theyclonedtyrone,['theyclonedtyrone'],1
minxseason2,['minxseason2'],1
adelemusic,['adelemusic'],1
fashion2023,['fashion2023'],1
whatwouldhewear,['whatwouldhewear'],1
polesport,['polesport'],1
masteryourflow,['masteryourflow'],1
packmyworkbag,['packmyworkbag'],1
razerenki,"['razerenki', 'razerburn']",3
spiderversespoilers,"['spiderversespoilers', 'spiderversehobie']",3
arthurvines,['arthurvines'],1
adelefans,['adelefans'],1
loveadele,['loveadele'],1
clippeduk,"['clippeduk', 'clipped']",3
whysobants,['whysobants'],1
desktop,['desktop'],1
deskaesthetic,"['deskaesthetic', 'aestheticdesksetup']",3
minimalist,['minimalist'],1
gadgetlover,['gadgetlover'],1
22w,['22w'],1
theaqueenedits,['theaqueenedits'],1
_sulemanx,['_sulemanx'],1
dinjarinandgrogu,['dinjarinandgrogu'],1
transpride,['transpride'],1
meditate,['meditate'],1
comicloki,['comicloki'],1
lokicomics,['lokicomics'],1
butnotreally,['butnotreally'],1
justalittleboy,['justalittleboy'],1
bigguy,['bigguy'],1
chacecrawford,['chacecrawford'],1
theartofelysium,['theartofelysium'],1
veesassabroad,['veesassabroad'],1
spinoff,['spinoff'],1
ghosthaunted,['ghosthaunted'],1
thirdman,['thirdman'],1
maryqueenotscots,['maryqueenotscots'],1
reignedit,['reignedit'],1
marystuartedit,['marystuartedit'],1
amazongamingweek,['amazongamingweek'],1
productsirecommend,['productsirecommend'],1
malinandgoetz,['malinandgoetz'],1
fromvitctoretinol,['fromvitctoretinol'],1
retinolserum,['retinolserum'],1
vitaminc,['vitaminc'],1
weddingvibes,['weddingvibes'],1
mayfavorites,['mayfavorites'],1
mayfavourites,['mayfavourites'],1
uniqlobag,['uniqlobag'],1
logitechg915tkl,['logitechg915tkl'],1
skimstshirt,['skimstshirt'],1
skimsreview,['skimsreview'],1
briannawiest,['briannawiest'],1
logitechmouse,['logitechmouse'],1
warnerbroslogo,"['warnerbroslogo', 'warnerbrosstudio']",3
bestlogo,['bestlogo'],1
movieranking,['movieranking'],1
freediving,['freediving'],1
vichyambassador,['vichyambassador'],1
vichylover,['vichylover'],1
vichyusa,['vichyusa'],1
vichypartner,['vichypartner'],1
bluebicolorragdoll,['bluebicolorragdoll'],1
acmefools,['acmefools'],1
wbstyle,['wbstyle'],1
wbshop,['wbshop'],1
flintstones,['flintstones'],1
sunscreen,['sunscreen'],1
skincancer,['skincancer'],1
sunprotection,['sunprotection'],1
spf50,['spf50'],1
yaey,"['yaey', 'yaeyhoodie']",3
siowei,['siowei'],1
rubbishbin,['rubbishbin'],1
japanfinds,['japanfinds'],1
sunstick,['sunstick'],1
coolingsheets,['coolingsheets'],1
temuclawmachine,"['temuclawmachine', 'clawmachinewin']",3
temumusthaves,['temumusthaves'],1
livetvbloopers,['livetvbloopers'],1
newsbloopers,"['newsbloopers', 'newsreporterbloopers']",3
gynogirls,['gynogirls'],1
allcareforwomen,['allcareforwomen'],1
bigsistershavingadvice,['bigsistershavingadvice'],1
estheticanlife,['estheticanlife'],1
waxersof,['waxersof'],1
bodywaxinglondon,['bodywaxinglondon'],1
bikinilineshaving,['bikinilineshaving'],1
hairywomen,['hairywomen'],1
bodycarerountine,['bodycarerountine'],1
cuttingedge,['cuttingedge'],1
hensonshaving,['hensonshaving'],1
machining,['machining'],1
biglips,['biglips'],1
lipchallenge,['lipchallenge'],1
blackskin,['blackskin'],1
hairylip,['hairylip'],1
upperlip,['upperlip'],1
glassanimals,['glassanimals'],1
shrinkingappletv,['shrinkingappletv'],1
cameronsullivan,['cameronsullivan'],1
thelittlemermaidmovie,['thelittlemermaidmovie'],1
princeericstans,['princeericstans'],1
jonahhauerkingprinceeric,['jonahhauerkingprinceeric'],1
princ3ric,['princ3ric'],1
netflixtudumevent,['netflixtudumevent'],1
momfluencer,"['momfluencer', 'dadfluencer']",3
familyvlogging,['familyvlogging'],1
polinseason,['polinseason'],1
rmb,['rmb'],1
theseviolendelights,['theseviolendelights'],1
ourviolentends,['ourviolentends'],1
ropedropstrategy,['ropedropstrategy'],1
disneystrategy,['disneystrategy'],1
disneyhelp,['disneyhelp'],1
hairygirl,['hairygirl'],1
blackbeauty,['blackbeauty'],1
chills,['chills'],1
gixxychick,['gixxychick'],1
razorbumpremedy,"['razorbumpremedy', 'razorbumphack', 'razorbumptreatment', 'razorbumpsolutions']",7
personalbrandingcoach,['personalbrandingcoach'],1
podcastingtips,['podcastingtips'],1
hairspray,['hairspray'],1
rickilake,['rickilake'],1
carolezimmer,['carolezimmer'],1
conversations,['conversations'],1
tealbike,['tealbike'],1
darkskintips,['darkskintips'],1
nadsfacialwaxstrip,"['nadsfacialwaxstrip', 'facewaxstrip']",3
facewax,"['facewax', 'facewaxstrip']",2
nads,['nads'],1
moustache,['moustache'],1
creepypastas,['creepypastas'],1
scarypictures,['scarypictures'],1
eerie,['eerie'],1
scariestposts,['scariestposts'],1
razorbumps,['razorbumps'],1
bikinilinebumps,"['bikinilinebumps', 'bikinibumps', 'bikinilineroutine', 'bikiniline']",7
beauty101,['beauty101'],1
girlytips,['girlytips'],1
clearskin,['clearskin'],1
perfectskin,['perfectskin'],1
healthclass,['healthclass'],1
healthteacher,['healthteacher'],1
femininehygienetips,"['femininehygienetips', 'femininehygieneproducts']",3
hygieneforall,['hygieneforall'],1
vag,['vag'],1
shavingchallenge,['shavingchallenge'],1
16thcentury,['16thcentury'],1
thingswomendo,['thingswomendo'],1
ingrownhair,['ingrownhair'],1
bikinibump,['bikinibump'],1
googlecampus,['googlecampus'],1
developersetup,['developersetup'],1
cutebabycheck,['cutebabycheck'],1
makermedia,['makermedia'],1
flim,['flim'],1
fetalmovement,['fetalmovement'],1
babykick,['babykick'],1
unilad,['unilad'],1
dramaticmoment,['dramaticmoment'],1
moviestime,['moviestime'],1
biteattack,['biteattack'],1
toybox,['toybox'],1
friendsfurever,['friendsfurever'],1
kidsanddogs,"['kidsanddogs', 'dogsandkids']",4
emphathy,['emphathy'],1
musicislife,['musicislife'],1
loklok,"['loklok', 'lok']",3
haveyoueveryseentherain,['haveyoueveryseentherain'],1
julietdress,['julietdress'],1
davidburtka,['davidburtka'],1
70sdress,['70sdress'],1
floral,"['floral', 'floralpattern']",3
crochetnz,['crochetnz'],1
handmadecraft,['handmadecraft'],1
crochetpromdress,"['crochetpromdress', 'crochetmeshdress', 'thekikicrochetdress', 'zaracrochetdress', 'crochetdresssummer']",5
crochetspiderweb,['crochetspiderweb'],1
mobiledeveloper,['mobiledeveloper'],1
codingjourney,['codingjourney'],1
100daysofpython,['100daysofpython'],1
dinnerandamovie,['dinnerandamovie'],1
beautymovie,['beautymovie'],1
kinolineplus,['kinolineplus'],1
miamigoenzo,['miamigoenzo'],1
granamigo,['granamigo'],1
verdaderoamigo,['verdaderoamigo'],1
mejoramigo,['mejoramigo'],1
amigofiel,['amigofiel'],1
granfinal,['granfinal'],1
emotivofinal,['emotivofinal'],1
hermosapelicula,['hermosapelicula'],1
homealone,['homealone'],1
masterfoto,['masterfoto'],1
samasamabelajar,['samasamabelajar'],1
upgrade,['upgrade'],1
caulfieldfilms,['caulfieldfilms'],1
tloufinale,['tloufinale'],1
bellasramsey,['bellasramsey'],1
tlouepisode9,['tlouepisode9'],1
beanbakery,['beanbakery'],1
beans,['beans'],1
beaniebaby,['beaniebaby'],1
beaniebuddy,['beaniebuddy'],1
grad,['grad'],1
crocheteasy,"['crocheteasy', 'easycrochetproject']",3
makingmuffins,['makingmuffins'],1
makingbiscuits,['makingbiscuits'],1
biscuitfactory,"['biscuitfactory', 'thefactory']",3
tvshowtalkwhilewalking,['tvshowtalkwhilewalking'],1
twoprettybestfreinds,['twoprettybestfreinds'],1
caosalsicha,['caosalsicha'],1
bassotti,['bassotti'],1
bassotto,['bassotto'],1
wiener,['wiener'],1
lostintranslation,['lostintranslation'],1
leftbehind,['leftbehind'],1
thelastofusepisode7,['thelastofusepisode7'],1
y2kcrochet,['y2kcrochet'],1
legolitaluna,['legolitaluna'],1
cutecrochet,"['cutecrochet', 'cutecrochetideas']",2
crochetbracelet,['crochetbracelet'],1
crochetchain,['crochetchain'],1
perfectday,['perfectday'],1
malibubarbiecafe,['malibubarbiecafe'],1
lastofustvshow,['lastofustvshow'],1
tessthelastofusedit,['tessthelastofusedit'],1
tessandjoel,['tessandjoel'],1
joelandsarahedit,['joelandsarahedit'],1
jole,['jole'],1
ammiaedits,['ammiaedits'],1
joelsgolfclub,['joelsgolfclub'],1
imyourdaddy,['imyourdaddy'],1
coolsluttydaddy,"['coolsluttydaddy', 'pedroismycoolsluttydaddy']",3
vintageclothes,['vintageclothes'],1
vintagecrochet,['vintagecrochet'],1
crochetfood,['crochetfood'],1
louise,['louise'],1
passioknit,['passioknit'],1
crochetturtle,['crochetturtle'],1
amigurumiturtle,"['amigurumiturtle', 'amigurumipattern']",3
fairycake,['fairycake'],1
vintagecake,['vintagecake'],1
tauruscake,['tauruscake'],1
notionapp,['notionapp'],1
notionaesthetic,['notionaesthetic'],1
notiontips,['notiontips'],1
billlawrence,['billlawrence'],1
crochethumor,['crochethumor'],1
aficonservatory,['aficonservatory'],1
isleofwight,['isleofwight'],1
thingstodoinparis,['thingstodoinparis'],1
shakesspearandcompany,['shakesspearandcompany'],1
paris2023,['paris2023'],1
travelcouple,['travelcouple'],1
bershkahaul2023,"['bershkahaul2023', 'zarahaul2023']",3
summerdress2023,"['summerdress2023', 'crochetdresssummer']",2
uxinterview,"['uxinterview', 'ux']",2
crochettrend,['crochettrend'],1
crochetotter,['crochetotter'],1
nightatthemuseumedit,['nightatthemuseumedit'],1
jedtavius,"['jedtavius', 'jedtaviusedit', 'jedtaviusnatm']",5
jedediahnatm,['jedediahnatm'],1
octaviusnatm,['octaviusnatm'],1
jedediahandoctavius,['jedediahandoctavius'],1
stevecoogan,['stevecoogan'],1
babyotter,['babyotter'],1
unemployed,['unemployed'],1
crichetinspiration,['crichetinspiration'],1
yarnwall,['yarnwall'],1
yarnstorage,['yarnstorage'],1
crochetflowers,['crochetflowers'],2
uxjob,"['uxjob', 'ux', 'uxjobsearch']",5
techlayoffs,['techlayoffs'],1
jobcompetition,['jobcompetition'],1
maxiwhitedress,"['maxiwhitedress', 'whitedress']",3
pintrestdress,['pintrestdress'],1
pullandbear,"['pullandbear', 'pullandbearhaul']",3
springfashion,['springfashion'],1
crochetmeshdress,"['crochetmeshdress', 'crochetmesh', 'thekikicrochetdress', 'zaracrochetdress', 'crochetdresssummer']",7
bikinicover,['bikinicover'],2
freehandcrocheting,['freehandcrocheting'],1
studnet2023,['studnet2023'],1
crochetartist,['crochetartist'],1
crochetingproject,['crochetingproject'],1
handmadecrochet,['handmadecrochet'],1
crochetoutfit,"['crochetoutfit', 'crochetoutfitinspo']",3
knittingideas,['knittingideas'],1
sentromachine,"['sentromachine', 'sentrodress']",3
knitweardesigner,['knitweardesigner'],1
luxuryknitwear,['luxuryknitwear'],1
knitteddress,['knitteddress'],1
crochetdres,['crochetdres'],1
crochetsummercloset,"['crochetsummercloset', 'crochetdresssummer', 'crochetsummertops']",5
aritziaoutfits,['aritziaoutfits'],1
amazonbeach,['amazonbeach'],1
amazoncoverups,['amazoncoverups'],1
dailyfashionideas,['dailyfashionideas'],1
vacationoutfitideas,"['vacationoutfitideas', 'vacationoutfit']",3
summerfitscheck,['summerfitscheck'],1
zaracrochetdress,"['zaracrochetdress', 'crochetdresssummer', 'zaradress']",4
zarasummer,['zarasummer'],1
crochetoutfits,['crochetoutfits'],1
crochetjumpsuit,['crochetjumpsuit'],1
zarafashion,['zarafashion'],1
amazonsummerfashion,['amazonsummerfashion'],1
summerswim,['summerswim'],1
amazondress,['amazondress'],1
sa칰demental,"['sa칰demental', 'recursosparasa칰demental']",3
inclus칚o,"['inclus칚o', 'exclus칚o']",3
bemestaremocional,['bemestaremocional'],1
outmatched,['outmatched'],1
moyeet7,['moyeet7'],1
gymnast,['gymnast'],1
cartwheel,['cartwheel'],1
breakingmysilence,['breakingmysilence'],1
turkish,['turkish'],2
middleeast,['middleeast'],1
pixelchix,"['pixelchix', 'pixelchixhouse']",3
dogmovie,['dogmovie'],1
pursuitsofjoy,['pursuitsofjoy'],1
melbrooks,['melbrooks'],1
the1975tour,['the1975tour'],1
antisemitism,['antisemitism'],1
unmasking,['unmasking'],1
celebsinapop,['celebsinapop'],1
deviandpaxton,"['deviandpaxton', 'paxtonanddevi', 'paxton']",5
benanddevi,['benanddevi'],1
snapped,['snapped'],1
londoncafe,['londoncafe'],1
secondbirthday,['secondbirthday'],1
toddleractvities,['toddleractvities'],1
williamandharry,['williamandharry'],1
crochethack,['crochethack'],1
crochetrings,['crochetrings'],1
derrygirlsedit,['derrygirlsedit'],1
sistermichael,"['sistermichael', 'sistergeorgemichael']",3
ericmatthews,"['ericmatthews', 'ericmatthewsedit']",2
ericmatthewsedit,"['ericmatthewsedit', 'ericformanedit']",2
placesinlondon,['placesinlondon'],1
crochetbikini,['crochetbikini'],1
vogueissue,['vogueissue'],1
crochetinginspo,['crochetinginspo'],1
olitz,['olitz'],1
diyartsandcrafts,['diyartsandcrafts'],1
thingstocrochet,['thingstocrochet'],1
crochetcolourchanges,['crochetcolourchanges'],1
crochettechniques,['crochettechniques'],1
devinhie,['devinhie'],1
devineverhaveiever,['devineverhaveiever'],1
pastelart,['pastelart'],1
blippi,['blippi'],1
cocomelon,['cocomelon'],1
trashtruck,['trashtruck'],1
caillou,['caillou'],1
parkerluck,['parkerluck'],1
restinpeace,['restinpeace'],1
johnromita,['johnromita'],1
oilpastel,['oilpastel'],1
softpastel,['softpastel'],1
apopinterviews,['apopinterviews'],1
pasteldrawing,['pasteldrawing'],1
mungyo,['mungyo'],1
shuriudaku,['shuriudaku'],1
infinityrue,['infinityrue'],1
historyhateslovers,['historyhateslovers'],1
clairereads,['clairereads'],1
nowayhomespiderman,['nowayhomespiderman'],1
gaygayhomsexualgay,['gaygayhomsexualgay'],1
lololeditzzz,['lololeditzzz'],1
stayathomemoms,['stayathomemoms'],1
maternity,['maternity'],1
sebastianvetteledit,['sebastianvetteledit'],1
deansfavoritegf,['deansfavoritegf'],1
flanagan,['flanagan'],1
pwc,"['pwc', 'pwcswitzerland']",3
apprentices,['apprentices'],1
observeandlearn,['observeandlearn'],1
epomaker,['epomaker'],1
rt100,['rt100'],1
keyboardsounds,['keyboardsounds'],1
crochetrose,['crochetrose'],1
thesleuthsisters,['thesleuthsisters'],1
couplememes,['couplememes'],1
marriagememes,['marriagememes'],1
fantasticfour2023,['fantasticfour2023'],1
toddlerbirthday,"['toddlerbirthday', 'toddlerbirthdayideas']",3
graveseasons,['graveseasons'],1
iphoneapp,['iphoneapp'],1
apprecommendations,['apprecommendations'],1
challengeaccepted,['challengeaccepted'],1
lexirabe,['lexirabe'],1
whoareyoutalkingtorightnow,['whoareyoutalkingtorightnow'],1
lotlondon,['lotlondon'],1
lot2023,['lot2023'],1
beatrizvsp,"['beatrizvsp', 'p칩darroz']",2
pittsburghnight2,['pittsburghnight2'],1
acrisurestadiumtaylorswift,['acrisurestadiumtaylorswift'],1
metalgear,['metalgear'],1
ios17beta,['ios17beta'],1
appleupdate,['appleupdate'],1
widgetapp,['widgetapp'],1
makingorders,['makingorders'],1
heartbracelet,['heartbracelet'],1
skultimatesecrets,['skultimatesecrets'],1
discrimina칞칚o,['discrimina칞칚o'],1
psciologia,['psciologia'],1
selfcaretips,['selfcaretips'],1
compaix칚o,['compaix칚o'],1
maleactors,['maleactors'],1
wembleyn2,['wembleyn2'],1
hslotwembley,['hslotwembley'],1
ourflagmeansstrike,['ourflagmeansstrike'],1
standwithwga,['standwithwga'],1
alexsherman,['alexsherman'],1
alyssalane,['alyssalane'],1
davidjenkins,['davidjenkins'],1
sambaschutte,['sambaschutte'],1
vicoortiz,['vicoortiz'],1
bridgertonseaon3,"['bridgertonseaon3', 'bridgertonseasons']",3
polinator,['polinator'],1
bridgertonart,['bridgertonart'],1
ginalinettiedit,['ginalinettiedit'],1
ladyislandz,['ladyislandz'],1
schmidtandcece,"['schmidtandcece', 'cece']",3
easydateidea,"['easydateidea', 'romanticdateidea', 'fundateidea', 'easydatenight', 'chilldateidea']",9
heartbracelets,"['heartbracelets', 'halfheartbracelets']",3
knotted,['knotted'],1
alphapatterns,['alphapatterns'],1
xboxseriess,['xboxseriess'],1
vrgaming,['vrgaming'],1
deafdog,['deafdog'],1
romanticdates,['romanticdates'],1
sh4reeze,['sh4reeze'],1
uniquedateideas,['uniquedateideas'],1
neverhadabf,['neverhadabf'],1
neverhadaboyfriend,"['neverhadaboyfriend', 'neverhadaboyfriendcheck']",3
datinglifebelike,['datinglifebelike'],1
idealpartner,['idealpartner'],1
idealrelationship,['idealrelationship'],1
stonemaidens,['stonemaidens'],1
maidensofthecave,['maidensofthecave'],1
halfhearts,['halfhearts'],1
matchingbracelets,['matchingbracelets'],1
beginner,['beginner'],1
nmlnm,['nmlnm'],1
genentech,['genentech'],1
comicbookstore,['comicbookstore'],1
scully,['scully'],1
scullybrooklyn99,"['scullybrooklyn99', 'scullybrooklynninenine']",3
littlewomen2019,['littlewomen2019'],1
amyandlaurie,"['amyandlaurie', 'amy']",3
joandlaurie,['joandlaurie'],1
marchsisters,['marchsisters'],1
halfdoublecrochet,"['halfdoublecrochet', 'doublecrochet']",3
nightwitches,['nightwitches'],1
badasswomeninhistory,['badasswomeninhistory'],1
militarywomendoitbetter,['militarywomendoitbetter'],1
scrunchie,['scrunchie'],1
crochetfridge,['crochetfridge'],1
iceboxcrochet,['iceboxcrochet'],1
fullstackwebdeveloper,['fullstackwebdeveloper'],1
fashionindustry,['fashionindustry'],1
disneylandpridenight,"['disneylandpridenight', 'pridenight']",3
britneyspearstoxic,['britneyspearstoxic'],1
tessedit,"['tessedit', 'tessfastxedit']",3
greatgatsby,['greatgatsby'],1
diablo4,['diablo4'],1
diabloiv,['diabloiv'],1
annathebiography,['annathebiography'],1
assistants,['assistants'],1
andysachs,['andysachs'],1
bosses,['bosses'],1
robertandsol,['robertandsol'],1
seriecomedia,['seriecomedia'],1
samwaterston,['samwaterston'],1
martinsheen,['martinsheen'],1
divertidas,['divertidas'],1
graceandfrankiefan,"['graceandfrankiefan', 'graceandfrankienetflix']",3
hummus,['hummus'],1
linkyh,['linkyh'],1
plomo,['plomo'],1
rayosx,['rayosx'],1
mundocomic,['mundocomic'],1
batmanbi,['batmanbi'],1
brucewaynebisexual,"['brucewaynebisexual', 'legobrucewayne']",3
unholysedits,['unholysedits'],1
harrypotterfunkopop,"['harrypotterfunkopop', 'harrypotterfunny', 'harrypotterworld', 'harrypotterfandom', 'harrypottergeek', 'harrypotterfans', 'harrypotternerd', 'harrypottermovies', 'harrypottercosplay', 'harrypotterlove', 'harrypotterquotes']",21
cheatcodes,['cheatcodes'],1
kindercode,['kindercode'],1
lululemonmen,['lululemonmen'],1
aestheticgamer,['aestheticgamer'],1
gamergir,['gamergir'],1
coloringasmr,['coloringasmr'],1
faefarmreleasedate,['faefarmreleasedate'],1
luludupes,['luludupes'],1
grwmforthegym,['grwmforthegym'],1
workoutshorts,['workoutshorts'],1
turbotaxlivepick6,['turbotaxlivepick6'],1
europeansummeroutfits,['europeansummeroutfits'],1
pandoraspiderman,['pandoraspiderman'],1
electronicmusic,['electronicmusic'],1
circuitgillesvilleneuve,['circuitgillesvilleneuve'],1
soiderverse,['soiderverse'],1
vacationootd,['vacationootd'],1
vacayootd,['vacayootd'],1
hmfinds,['hmfinds'],1
hmtryonhaul,['hmtryonhaul'],1
failscompilation,['failscompilation'],1
failcompilation,['failcompilation'],1
failvideo,['failvideo'],1
failed,['failed'],1
funnymoment,['funnymoment'],1
americanmemes,['americanmemes'],1
americanhumor,['americanhumor'],1
fungame,['fungame'],1
followtrains,['followtrains'],1
bookcovers,['bookcovers'],1
funnyscene,['funnyscene'],1
strategyconsultant,['strategyconsultant'],1
piqueyshakira,['piqueyshakira'],1
clarachiamarti,['clarachiamarti'],1
pittie,['pittie'],1
henrywinchester,['henrywinchester'],1
scarjoedit,['scarjoedit'],1
catstanding,['catstanding'],1
lawstudents,['lawstudents'],1
adhdproblems,['adhdproblems'],1
estatesale,['estatesale'],1
conyersgeorgia,['conyersgeorgia'],1
liquidationsale,['liquidationsale'],1
adonis,['adonis'],1
warriorgames,['warriorgames'],1
invictusgames,['invictusgames'],1
managementconsulting,['managementconsulting'],1
binanceman,"['binanceman', 'binancefuturestrading', 'binance', 'binancefutures', 'binancemanxrp']",9
toyfood,['toyfood'],1
firedfromwork,['firedfromwork'],1
pvosition,['pvosition'],1
orderoftheengineer,['orderoftheengineer'],1
ironring,['ironring'],1
headoverheels,['headoverheels'],1
voxcinemas,['voxcinemas'],1
purgatory,['purgatory'],1
corporatejobs,['corporatejobs'],1
toxicmanager,['toxicmanager'],1
overworkedandunderpaid,['overworkedandunderpaid'],1
workfromhometips,['workfromhometips'],1
nonesense,['nonesense'],1
officespace,['officespace'],1
injury,['injury'],1
concertetiquette,['concertetiquette'],1
ginaxcp,['ginaxcp'],1
cosycleaningclub,['cosycleaningclub'],1
tidyhome,['tidyhome'],1
mrshinchhome,"['mrshinchhome', 'mrshinchmademedoit']",3
panquecasamericanas,['panquecasamericanas'],1
setupwars,['setupwars'],1
codingquotes,['codingquotes'],1
codinglove,['codinglove'],1
codingdecoding,['codingdecoding'],1
codingproblems,['codingproblems'],1
codinggirl,['codinggirl'],1
gamingsetups,['gamingsetups'],1
herbst,['herbst'],1
deathlyhallows,['deathlyhallows'],1
nanoleaf,['nanoleaf'],1
minimalsetup,['minimalsetup'],1
girlsetup,['girlsetup'],1
studygramthailand,['studygramthailand'],1
speedclean,['speedclean'],1
speedcleaning,['speedcleaning'],1
deanwinchesterkinnie,"['deanwinchesterkinnie', 'deanwinchesterisbisexual']",3
deanwinchesterisbisexual,"['deanwinchesterisbisexual', 'happybirthdaydeanwinchester', 'season1deanwinchester']",6
urfavmike_kinnie,['urfavmike_kinnie'],1
deanandcharlie,"['deanandcharlie', 'deanandcharlieedit']",2
jada,['jada'],1
arianagrandejada,['arianagrandejada'],1
emilyshollow,['emilyshollow'],1
gabrielopensador,['gabrielopensador'],1
queersuperheroes,['queersuperheroes'],1
supernatural,['supernatural'],1
supernaturalcenas,['supernaturalcenas'],1
cleaningtipsandhacks,['cleaningtipsandhacks'],1
cleaningcreator,['cleaningcreator'],1
cleaningcreatorsconnect,['cleaningcreatorsconnect'],1
optussport,['optussport'],1
coachshelley,['coachshelley'],1
destielweddinganniversary,['destielweddinganniversary'],1
deancasanniversary,['deancasanniversary'],1
daddies,['daddies'],1
fathersandson,['fathersandson'],1
sexylooks,['sexylooks'],1
sassycas,['sassycas'],1
siredphoebe,['siredphoebe'],1
kotachelscomp,['kotachelscomp'],1
icanthelpbutloveyou,['icanthelpbutloveyou'],1
breakmyheart,['breakmyheart'],1
cstlvbt,['cstlvbt'],1
seupaidecalsinhakj,['seupaidecalsinhakj'],1
applestudio,['applestudio'],1
dindharinedit,['dindharinedit'],1
diego,['diego'],1
stitchmarkers,['stitchmarkers'],1
learningtocrochet,['learningtocrochet'],1
tutorialcrochet,['tutorialcrochet'],1
crochettip,['crochettip'],1
tutoril,['tutoril'],1
crafttutorial,['crafttutorial'],1
crafttips,['crafttips'],1
learnsomethingnew,['learnsomethingnew'],1
iwishiknewthis,['iwishiknewthis'],1
crochetcoaster,['crochetcoaster'],1
crochetinggirl,['crochetinggirl'],1
tutoriales,['tutoriales'],1
gantsilyoph,['gantsilyoph'],1
crochetgirlgang,['crochetgirlgang'],1
stitchmarker,['stitchmarker'],1
freetoplayfriday,"['freetoplayfriday', 'freegamefriday']",3
nhiv,['nhiv'],1
nevwrhaveiever,['nevwrhaveiever'],1
p칩darroz,"['p칩darroz', 'sebasti칚odarroz']",3
howtocrochetforabsolutebeginners,['howtocrochetforabsolutebeginners'],1
cyracreates,['cyracreates'],1
laiieli,['laiieli'],1
adammiliganspn,['adammiliganspn'],1
adamandmichael,"['adamandmichael', 'michaelandadam']",3
archagelmichael,['archagelmichael'],1
arcanjomiguel,['arcanjomiguel'],1
michaelspnedit,['michaelspnedit'],1
adamwinchesteredit,['adamwinchesteredit'],1
supernaturalmichael,['supernaturalmichael'],1
tvdpov,['tvdpov'],1
always,['always'],1
klelena,['klelena'],1
kingandprincess,['kingandprincess'],1
fathersnddaughter,['fathersnddaughter'],1
haileymichaelson,['haileymichaelson'],1
undeadray06,['undeadray06'],1
broademel,['broademel'],1
crochetcow,['crochetcow'],1
couplelove,['couplelove'],1
goalscheck,['goalscheck'],1
gamercouples,"['gamercouples', 'gamercouplesbelike']",3
boyfriendsbelike,['boyfriendsbelike'],1
sofabed,['sofabed'],1
transfomersriseofthebeast,"['transfomersriseofthebeast', 'transfomersthemovie']",3
colourpopxstarwars,"['colourpopxstarwars', 'colourpopxwinniethepooh', 'colourpopxwinxclub']",5
austen,['austen'],1
maydayparkerbeanie,"['maydayparkerbeanie', 'crochetmaydaybeanie']",3
varn,['varn'],1
crochetaesthetic,['crochetaesthetic'],1
crochetbookmark,['crochetbookmark'],1
cupcakecake,['cupcakecake'],1
dinosaurcupcakes,['dinosaurcupcakes'],1
savsgotcake,['savsgotcake'],1
solarpunk,['solarpunk'],1
lizzybennet,['lizzybennet'],1
amaturecrochet,['amaturecrochet'],1
crochetbeginnner,['crochetbeginnner'],1
browncardigan,['browncardigan'],1
courtzcorner,['courtzcorner'],1
intercambio,['intercambio'],1
viagens,['viagens'],1
morarfora,['morarfora'],1
moraremportugal,['moraremportugal'],1
koreanfood,['koreanfood'],1
jackwhitehall,['jackwhitehall'],1
magicpuzzle,['magicpuzzle'],1
mmorpg,['mmorpg'],1
gameart,['gameart'],1
gamedesign,['gamedesign'],1
adamspn,['adamspn'],1
spnmichael,['spnmichael'],1
aprilmayjune,"['aprilmayjune', 'webbymayjune']",3
superstar,['superstar'],1
kashikoi99,['kashikoi99'],1
evolutionofdaisyduck,['evolutionofdaisyduck'],1
ducktale,['ducktale'],1
webbyvanderquack,['webbyvanderquack'],1
thelastadventure,['thelastadventure'],1
deweyhueylouie,['deweyhueylouie'],1
scrooge,"['scrooge', 'ducktalesscrooge']",3
magicadespell,"['magicadespell', 'lenadespell']",3
sadepisode,['sadepisode'],1
flowerfalling,['flowerfalling'],1
famousduck,['famousduck'],1
ducktalesglomgold,['ducktalesglomgold'],1
ducktalesangstedit,"['ducktalesangstedit', 'ducktalesrebootedit']",2
humanization,['humanization'],1
tiamily游봆,['tiamily游봆'],1
d0nald,['d0nald'],1
duckverseedit,"['duckverseedit', 'duckversefandom']",3
acefast,['acefast'],1
plslike,['plslike'],1
vozdomalvadao,['vozdomalvadao'],1
twinboys,['twinboys'],1
spinstress,['spinstress'],1
princesspetra,['princesspetra'],1
benjistuff,['benjistuff'],1
nightwingrebirth,['nightwingrebirth'],1
rocketrackoon,['rocketrackoon'],1
ducktales2017reboot,"['ducktales2017reboot', 'ducktalesreboot', 'ducktalesrebootedit']",5
ducktalesdaisy,['ducktalesdaisy'],1
disneyducktales,['disneyducktales'],1
gladstonegander,['gladstonegander'],1
quackpack,['quackpack'],1
all12signs,['all12signs'],1
crochetcroptop,['crochetcroptop'],1
beauandjenny,['beauandjenny'],1
callcenter,['callcenter'],1
forceunleashed,['forceunleashed'],1
jessemartin,['jessemartin'],1
tapdance,['tapdance'],1
ericformanedit,"['ericformanedit', 'ericformanedits']",3
heartstopperseason1,['heartstopperseason1'],1
mocha游밽,"['mocha游밽', 'mikaandmocha']",3
ducktaleshuey,['ducktaleshuey'],1
chocolatebritishshorthair,['chocolatebritishshorthair'],1
sizzlersforphil,['sizzlersforphil'],1
dominos,"['dominos', 'dominosuk']",3
sizzler,['sizzler'],1
pleaseassist,['pleaseassist'],1
astrologyfunny,['astrologyfunny'],1
zodiacanimals,['zodiacanimals'],1
zodiacsymbols,['zodiacsymbols'],1
thesocialnetworkedit,['thesocialnetworkedit'],1
tothesalon,['tothesalon'],1
potioncraft,['potioncraft'],1
ducktalesdewey,['ducktalesdewey'],1
ducktaleswebby,['ducktaleswebby'],1
storkulese,['storkulese'],1
josecarioca,['josecarioca'],1
panchitopistoles,['panchitopistoles'],1
xscroogie,['xscroogie'],1
unsahdowbanme,['unsahdowbanme'],1
cas7iels,['cas7iels'],1
thecozygamingclub,['thecozygamingclub'],1
chillgame,['chillgame'],1
cosygame,['cosygame'],1
cosygames,['cosygames'],1
crochetproblems,['crochetproblems'],1
syeshcraft,['syeshcraft'],1
procreateapp,['procreateapp'],1
smallartisthelp,['smallartisthelp'],1
artsupport,['artsupport'],1
anthonymackieandsebastianstan,['anthonymackieandsebastianstan'],1
wyldeflowers,['wyldeflowers'],1
slashfans,['slashfans'],1
