Sound Link,Sound Name,Photo
www.tiktok.com/music/Collide-sped-up-7149845524978338561,Collide (sped up) - Justine Skye,https://p16-sg.tiktokcdn.com/aweme/200x200/tos-alisg-v-2774/1456c366a1a04fc5b2ccd6535bb1d5a1.jpeg
www.tiktok.com/music/cupid-twin-version-7204756346426755886,cupid twin version - ⟡ TRACYTRACKS ⟡,https://p16-sign-va.tiktokcdn.com/tos-maliva-avt-0068/ccfa6b561d387c3fa151fafc06892dbf~c5_720x720.jpeg?x-expires=1703091600&x-signature=a7VLuumRoR8P3wXHi8VcrMPPrYY%3D
www.tiktok.com/music/Her-Way-Sped-Up-7123654694953585454,Her Way (Sped Up) - PARTYNEXTDOOR,https://p16-sg.tiktokcdn.com/aweme/200x200/tos-alisg-v-2774/276f692165164a20821d2534c0d14689.jpeg
www.tiktok.com/music/Favorite-Song-Sped-Up-7203088633711036417,Favorite Song - Sped Up - Toosii,https://p16-sg.tiktokcdn.com/aweme/200x200/tos-alisg-v-2774/3f6c4263d21e4a6db61af582c4ef7cc5.jpeg
www.tiktok.com/music/Boy's-a-liar-Pt-2-7189713675660314626,Boy's a Liar Pt. 2 - PinkPantheress & Ice Spice,https://p16-sg.tiktokcdn.com/aweme/200x200/tos-alisg-v-2774/ocQBRxjCBOfD7Mu6AAAZZUfWtEBFE5ElgEtENQ.jpeg
www.tiktok.com/music/Bounce-When-She-Walk-By-Ohboyprince-7183222568789347115,Bounce When She Walk - Ohboyprince,https://p16-sg.tiktokcdn.com/aweme/200x200/tos-alisg-v-2774/1db8c2e693b34c74badce63b5cf9aca7.jpeg
www.tiktok.com/music/Peaches-Eggplants-feat-21-Savage-7224242115042102058,Peaches & Eggplants (feat. 21 Savage) - 21,https://p16-sg.tiktokcdn.com/aweme/200x200/tos-alisg-v-2774/3526dd06788b4ab8b7c90d9b1e82794e.jpeg
www.tiktok.com/music/In-Ha-Mood-7185332095189780482,In Ha Mood - Ice Spice,https://p16-sg.tiktokcdn.com/aweme/200x200/tos-alisg-v-2774/99f8067c88414ed2bd4107a86ab48ee6.jpeg
www.tiktok.com/music/Makeba-7234525541365418757,Makeba - Jain,https://p16-sg.tiktokcdn.com/aweme/200x200/tos-alisg-v-2774/88140737f94b40b39886205bbaeafc70.jpeg
www.tiktok.com/music/Cruel-Summer-7211414788142794754,Cruel Summer - Taylor Swift,https://p16-sg.tiktokcdn.com/aweme/200x200/tos-alisg-v-2774/443e43fd468f4d7a93eaf00493c1dcef.jpeg
www.tiktok.com/music/If-We-Ever-Broke-Up-7183303677226044165,If We Ever Broke Up - Mae Stephens,https://p16-sg.tiktokcdn.com/aweme/200x200/tos-alisg-v-2774/cc26528da9ff45799a5bca44b7473602.jpeg
www.tiktok.com/music/What-It-Is-Solo-Version-7220376557523618565,What It Is - Solo Version - Doechii,https://p16-sg.tiktokcdn.com/aweme/200x200/tos-alisg-v-2774/o8AisABaqBbfVAFJTs2Yoc7iAH1iEWypAEwBvm.jpeg
www.tiktok.com/music/%E0%B8%A1%E0%B8%AD%E0%B8%87%E0%B8%99%E0%B8%B2%E0%B8%99%E0%B9%86-7215652594876680193,มองนานๆ - FLI:,https://p16-sg.tiktokcdn.com/aweme/200x200/tos-alisg-v-2774/a81766a45583420fa6a1db3a41e88642.jpeg
www.tiktok.com/music/La-Bebe-Remix-7210636937282095105,La Bebe (Remix) - Peso Pluma & Yng lvcas,https://p16-sg.tiktokcdn.com/aweme/200x200/tos-alisg-v-2774/a9c842125d9945ccb61622034c92e91a.jpeg
www.tiktok.com/music/LALA-7212832308926089218,LALA - Myke Towers,https://p16-sg.tiktokcdn.com/aweme/200x200/tos-alisg-v-2774/6dd6f2efc77349ae95b3fa9d1a5326e9.jpeg
www.tiktok.com/music/girls-like-me-don't-cry-sped-up-7177031160675960834,girls like me don't cry (sped up) - thuy,https://p16-sg.tiktokcdn.com/aweme/200x200/tos-alisg-v-2774/32a472eb3803422f80f2eeec90765511.jpeg
www.tiktok.com/music/TQG-7200995956416841729,TQG - KAROL G & Shakira,https://p16-sg.tiktokcdn.com/aweme/200x200/tos-alisg-v-2774/073cae545802460b93c833fadb2c502a.jpeg
www.tiktok.com/music/What-Was-I-Made-For-From-The-Motion-Picture-Barbie-7255081252415375362,"What Was I Made For? [From The Motion Picture ""Barbie""] - Billie Eilish",https://p16-sg.tiktokcdn.com/aweme/200x200/tos-alisg-v-2774/owbnYt1CBABDAzgaPen6QkQetQATGEZAg8ctLj.jpeg
www.tiktok.com/music/Planet-of-the-Bass-feat-DJ-Crazy-Times-Ms-Biljana-Electronica-7260443261319186434,Planet of the Bass (feat. DJ Crazy Times & Ms. Biljana Electronica) - Kyle Gordon,https://p16-sg.tiktokcdn.com/aweme/200x200/tos-alisg-v-2774/oMA6nke3nIGdmEI7CreAQcZvaBbnkABIDWgCtw.jpeg
www.tiktok.com/music/Dear-Theodosia-6704977033597814785,Dear Theodosia - Leslie Odom Jr. & Lin-Manuel Miranda,https://p16-sg.tiktokcdn.com/aweme/200x200/tos-alisg-v-2774/f8cb217fbb854442972885679cb762c6.jpeg